ğŸ¤– AI Tools & Assistants,CATEGORY,SUBCATEGORY
Conversational AI,,
ChatGPT (OpenAI) - The one everyone knows,ğŸ¤– AI Tools & Assistants,Conversational AI
Claude (Anthropic) - The thoughtful alternative,ğŸ¤– AI Tools & Assistants,Conversational AI
Gemini (Google) - The search giant's answer,ğŸ¤– AI Tools & Assistants,Conversational AI
Copilot (Microsoft) - Integrated with Office,ğŸ¤– AI Tools & Assistants,Conversational AI
Perplexity - AI search with citations,ğŸ¤– AI Tools & Assistants,Conversational AI
Character.AI - Roleplay and character chats,ğŸ¤– AI Tools & Assistants,Conversational AI
Poe (Quora) - Multiple AI models in one place,ğŸ¤– AI Tools & Assistants,Conversational AI
You.com - AI search engine,ğŸ¤– AI Tools & Assistants,Conversational AI
Bing Chat - Microsoft's search AI,ğŸ¤– AI Tools & Assistants,Conversational AI
Bard (Google) - Now merged into Gemini,ğŸ¤– AI Tools & Assistants,Conversational AI
,,
AI Writing & Content,,
Jasper - Marketing copy specialist,ğŸ¤– AI Tools & Assistants,AI Writing & Content
Copy.ai - Sales and marketing content,ğŸ¤– AI Tools & Assistants,AI Writing & Content
Writesonic - All-purpose AI writer,ğŸ¤– AI Tools & Assistants,AI Writing & Content
Grammarly - Writing assistant (now AI-powered),ğŸ¤– AI Tools & Assistants,AI Writing & Content
Notion AI - Built into Notion workspace,ğŸ¤– AI Tools & Assistants,AI Writing & Content
Quillbot - Paraphrasing and rewriting,ğŸ¤– AI Tools & Assistants,AI Writing & Content
Rytr - Budget-friendly AI writer,ğŸ¤– AI Tools & Assistants,AI Writing & Content
Wordtune - Sentence rewriting,ğŸ¤– AI Tools & Assistants,AI Writing & Content
Hemingway Editor - Writing clarity tool,ğŸ¤– AI Tools & Assistants,AI Writing & Content
ProWritingAid - Grammar and style checker,ğŸ¤– AI Tools & Assistants,AI Writing & Content
,,
AI Code & Development,,
GitHub Copilot - Code completion in IDEs,ğŸ¤– AI Tools & Assistants,AI Code & Development
Cursor - AI-powered code editor,ğŸ¤– AI Tools & Assistants,AI Code & Development
Replit - Online coding with AI,ğŸ¤– AI Tools & Assistants,AI Code & Development
Tabnine - AI code completion,ğŸ¤– AI Tools & Assistants,AI Code & Development
CodeWhisperer (Amazon) - AWS-focused coding AI,ğŸ¤– AI Tools & Assistants,AI Code & Development
Claude Code (Anthropic) - Terminal-based coding,ğŸ¤– AI Tools & Assistants,AI Code & Development
Windsurf - AI development environment,ğŸ¤– AI Tools & Assistants,AI Code & Development
Zed - Collaborative coding with AI,ğŸ¤– AI Tools & Assistants,AI Code & Development
Codeium - Free AI coding assistant,ğŸ¤– AI Tools & Assistants,AI Code & Development
Sourcegraph Cody - Enterprise code AI,ğŸ¤– AI Tools & Assistants,AI Code & Development
,,
AI Design & Creative,,
Midjourney - AI image generation,ğŸ¤– AI Tools & Assistants,AI Design & Creative
DALL-E (OpenAI) - Image creation,ğŸ¤– AI Tools & Assistants,AI Design & Creative
Stable Diffusion - Open-source image AI,ğŸ¤– AI Tools & Assistants,AI Design & Creative
Canva AI - Design with AI assistance,ğŸ¤– AI Tools & Assistants,AI Design & Creative
Adobe Firefly - Creative AI suite,ğŸ¤– AI Tools & Assistants,AI Design & Creative
Figma AI - Design assistance in Figma,ğŸ¤– AI Tools & Assistants,AI Design & Creative
Runway - AI video editing,ğŸ¤– AI Tools & Assistants,AI Design & Creative
Luma AI - 3D capture and generation,ğŸ¤– AI Tools & Assistants,AI Design & Creative
ElevenLabs - AI voice generation,ğŸ¤– AI Tools & Assistants,AI Design & Creative
Synthesia - AI video generation,ğŸ¤– AI Tools & Assistants,AI Design & Creative
,,
AI Productivity & Business,,
Notion AI - Workspace intelligence,ğŸ¤– AI Tools & Assistants,AI Productivity & Business
Zapier AI - Automation with intelligence,ğŸ¤– AI Tools & Assistants,AI Productivity & Business
Monday.com AI - Project management AI,ğŸ¤– AI Tools & Assistants,AI Productivity & Business
HubSpot AI - CRM with AI features,ğŸ¤– AI Tools & Assistants,AI Productivity & Business
Salesforce Einstein - Sales AI,ğŸ¤– AI Tools & Assistants,AI Productivity & Business
Calendly AI - Smart scheduling,ğŸ¤– AI Tools & Assistants,AI Productivity & Business
Otter.ai - Meeting transcription,ğŸ¤– AI Tools & Assistants,AI Productivity & Business
Fireflies.ai - Call recording and AI notes,ğŸ¤– AI Tools & Assistants,AI Productivity & Business
Krisp - AI noise cancellation,ğŸ¤– AI Tools & Assistants,AI Productivity & Business
Beautiful.ai - AI presentation maker,ğŸ¤– AI Tools & Assistants,AI Productivity & Business
,,
ğŸ“‹ Productivity & Task Management,,
Task & Project Management,,
Todoist - Natural language task management,ğŸ“‹ Productivity & Task Management,Task & Project Management
Things 3 (Mac/iOS) - Elegant task management,ğŸ“‹ Productivity & Task Management,Task & Project Management
Any.do - Simple task lists,ğŸ“‹ Productivity & Task Management,Task & Project Management
TickTick - Feature-rich task manager,ğŸ“‹ Productivity & Task Management,Task & Project Management
Remember The Milk - Old-school task management,ğŸ“‹ Productivity & Task Management,Task & Project Management
OmniFocus (Mac/iOS) - GTD methodology,ğŸ“‹ Productivity & Task Management,Task & Project Management
2Do - Flexible task management,ğŸ“‹ Productivity & Task Management,Task & Project Management
Microsoft To Do - Simple Microsoft integration,ğŸ“‹ Productivity & Task Management,Task & Project Management
Google Tasks - Basic Google integration,ğŸ“‹ Productivity & Task Management,Task & Project Management
Apple Reminders - Built-in iOS/Mac tasks,ğŸ“‹ Productivity & Task Management,Task & Project Management
,,
Project Management Platforms,,
Asana - Team project management,ğŸ“‹ Productivity & Task Management,Project Management Platforms
Trello - Kanban-style boards,ğŸ“‹ Productivity & Task Management,Project Management Platforms
Monday.com - Visual project management,ğŸ“‹ Productivity & Task Management,Project Management Platforms
ClickUp - All-in-one workspace,ğŸ“‹ Productivity & Task Management,Project Management Platforms
"Notion - Notes, docs, and project management",ğŸ“‹ Productivity & Task Management,Project Management Platforms
Airtable - Database-meets-spreadsheet,ğŸ“‹ Productivity & Task Management,Project Management Platforms
Basecamp - Simple project collaboration,ğŸ“‹ Productivity & Task Management,Project Management Platforms
Wrike - Enterprise project management,ğŸ“‹ Productivity & Task Management,Project Management Platforms
Smartsheet - Spreadsheet-based PM,ğŸ“‹ Productivity & Task Management,Project Management Platforms
Linear - Developer-focused project management,ğŸ“‹ Productivity & Task Management,Project Management Platforms
,,
Advanced Project Management,,
Jira - Software development tracking,ğŸ“‹ Productivity & Task Management,Advanced Project Management
Azure DevOps - Microsoft development suite,ğŸ“‹ Productivity & Task Management,Advanced Project Management
GitHub Projects - Code-integrated planning,ğŸ“‹ Productivity & Task Management,Advanced Project Management
GitLab - DevOps platform,ğŸ“‹ Productivity & Task Management,Advanced Project Management
Clubhouse (now Shortcut) - Software team management,ğŸ“‹ Productivity & Task Management,Advanced Project Management
Height - Visual project management,ğŸ“‹ Productivity & Task Management,Advanced Project Management
Plane - Open-source project management,ğŸ“‹ Productivity & Task Management,Advanced Project Management
Teamwork - Business project management,ğŸ“‹ Productivity & Task Management,Advanced Project Management
Workfront (Adobe) - Enterprise work management,ğŸ“‹ Productivity & Task Management,Advanced Project Management
Clarizen - Project portfolio management,ğŸ“‹ Productivity & Task Management,Advanced Project Management
,,
ğŸ’¬ Communication & Collaboration,,
Team Communication,,
Slack - The workplace chat king,ğŸ’¬ Communication & Collaboration,Team Communication
Microsoft Teams - Office 365 integration,ğŸ’¬ Communication & Collaboration,Team Communication
Discord - Gaming-turned-business chat,ğŸ’¬ Communication & Collaboration,Team Communication
Zoom - Video conferencing standard,ğŸ’¬ Communication & Collaboration,Team Communication
Google Meet - Simple video calls,ğŸ’¬ Communication & Collaboration,Team Communication
Webex - Enterprise video conferencing,ğŸ’¬ Communication & Collaboration,Team Communication
GoToMeeting - Business video platform,ğŸ’¬ Communication & Collaboration,Team Communication
Telegram - Secure messaging,ğŸ’¬ Communication & Collaboration,Team Communication
WhatsApp Business - Business messaging,ğŸ’¬ Communication & Collaboration,Team Communication
,,
Async Communication,,
Loom - Screen recording messages,ğŸ’¬ Communication & Collaboration,Async Communication
BombBomb - Video email platform,ğŸ’¬ Communication & Collaboration,Async Communication
Vidyard - Video messaging for sales,ğŸ’¬ Communication & Collaboration,Async Communication
Soapbox - Wistia's video messages,ğŸ’¬ Communication & Collaboration,Async Communication
Yac - Voice messages for teams,ğŸ’¬ Communication & Collaboration,Async Communication
Vimeo Record - Screen and webcam recording,ğŸ’¬ Communication & Collaboration,Async Communication
ScreenPal - Screen recording tool,ğŸ’¬ Communication & Collaboration,Async Communication
Snagit - Screenshots and recordings,ğŸ’¬ Communication & Collaboration,Async Communication
CloudApp - Visual communication,ğŸ’¬ Communication & Collaboration,Async Communication
Monosnap - Screenshot annotation,ğŸ’¬ Communication & Collaboration,Async Communication
,,
Document Collaboration,ğŸ’¬ Communication & Collaboration,Document Collaboration
"Google Workspace - Docs, Sheets, Slides",ğŸ’¬ Communication & Collaboration,Document Collaboration
"Microsoft 365 - Word, Excel, PowerPoint online",ğŸ’¬ Communication & Collaboration,Document Collaboration
Dropbox Paper - Collaborative writing,ğŸ’¬ Communication & Collaboration,Document Collaboration
Notion - All-in-one workspace,ğŸ’¬ Communication & Collaboration,Document Collaboration
Coda - Documents that act like databases,ğŸ’¬ Communication & Collaboration,Document Collaboration
Craft - Block-based writing,ğŸ’¬ Communication & Collaboration,Document Collaboration
Obsidian - Linked note-taking,ğŸ’¬ Communication & Collaboration,Document Collaboration
Roam Research - Networked thought,ğŸ’¬ Communication & Collaboration,Document Collaboration
LogSeq - Open-source knowledge management,ğŸ’¬ Communication & Collaboration,Document Collaboration
RemNote - Note-taking with spaced repetition,ğŸ’¬ Communication & Collaboration,Document Collaboration
,,
ğŸ¯ CRM & Sales Tools,,
Customer Relationship Management,,
Salesforce - The enterprise giant,ğŸ¯ CRM & Sales Tools,Customer Relationship Management
HubSpot - Inbound marketing CRM,ğŸ¯ CRM & Sales Tools,Customer Relationship Management
Pipedrive - Visual sales pipeline,ğŸ¯ CRM & Sales Tools,Customer Relationship Management
Zoho CRM - Affordable business suite,ğŸ¯ CRM & Sales Tools,Customer Relationship Management
Freshsales - Freshworks CRM solution,ğŸ¯ CRM & Sales Tools,Customer Relationship Management
Monday.com CRM - Project management meets CRM,ğŸ¯ CRM & Sales Tools,Customer Relationship Management
Airtable - Database-style CRM,ğŸ¯ CRM & Sales Tools,Customer Relationship Management
Notion - DIY CRM solution,ğŸ¯ CRM & Sales Tools,Customer Relationship Management
Copper - Google Workspace CRM,ğŸ¯ CRM & Sales Tools,Customer Relationship Management
ActiveCampaign - Email marketing + CRM,ğŸ¯ CRM & Sales Tools,Customer Relationship Management
,,
Sales & Outreach Tools,,
Outreach - Sales engagement platform,ğŸ¯ CRM & Sales Tools,Sales & Outreach Tools
SalesLoft - Sales development platform,ğŸ¯ CRM & Sales Tools,Sales & Outreach Tools
Apollo - Sales intelligence platform,ğŸ¯ CRM & Sales Tools,Sales & Outreach Tools
ZoomInfo - B2B contact database,ğŸ¯ CRM & Sales Tools,Sales & Outreach Tools
LinkedIn Sales Navigator - Professional networking for sales,ğŸ¯ CRM & Sales Tools,Sales & Outreach Tools
Calendly - Automated scheduling,ğŸ¯ CRM & Sales Tools,Sales & Outreach Tools
Acuity Scheduling - Advanced booking,ğŸ¯ CRM & Sales Tools,Sales & Outreach Tools
Chili Piper - Revenue scheduling,ğŸ¯ CRM & Sales Tools,Sales & Outreach Tools
Mixmax - Email productivity for sales,ğŸ¯ CRM & Sales Tools,Sales & Outreach Tools
Boomerang - Email scheduling and tracking,ğŸ¯ CRM & Sales Tools,Sales & Outreach Tools
,,
Email Marketing & Automation,,
Mailchimp - Small business email marketing,ğŸ¯ CRM & Sales Tools,Email Marketing & Automation
ConvertKit - Creator-focused email marketing,ğŸ¯ CRM & Sales Tools,Email Marketing & Automation
ActiveCampaign - Marketing automation,ğŸ¯ CRM & Sales Tools,Email Marketing & Automation
Klaviyo - Ecommerce email marketing,ğŸ¯ CRM & Sales Tools,Email Marketing & Automation
Campaign Monitor - Email design platform,ğŸ¯ CRM & Sales Tools,Email Marketing & Automation
Constant Contact - Small business email,ğŸ¯ CRM & Sales Tools,Email Marketing & Automation
GetResponse - All-in-one marketing,ğŸ¯ CRM & Sales Tools,Email Marketing & Automation
AWeber - Email marketing automation,ğŸ¯ CRM & Sales Tools,Email Marketing & Automation
Drip - Ecommerce marketing automation,ğŸ¯ CRM & Sales Tools,Email Marketing & Automation
Sendinblue (Brevo) - Multi-channel marketing,ğŸ¯ CRM & Sales Tools,Email Marketing & Automation
,,
ğŸ“± Marketing & Social Media,,
Social Media Management,,
Hootsuite - Multi-platform scheduling,ğŸ“± Marketing & Social Media,Social Media Management
Buffer - Simple social scheduling,ğŸ“± Marketing & Social Media,Social Media Management
Sprout Social - Enterprise social management,ğŸ“± Marketing & Social Media,Social Media Management
Later - Visual content scheduling,ğŸ“± Marketing & Social Media,Social Media Management
SocialBee - Content categorization,ğŸ“± Marketing & Social Media,Social Media Management
MeetEdgar - Content recycling,ğŸ“± Marketing & Social Media,Social Media Management
Agorapulse - Social media management,ğŸ“± Marketing & Social Media,Social Media Management
CoSchedule - Marketing calendar,ğŸ“± Marketing & Social Media,Social Media Management
Sendible - Agency social management,ğŸ“± Marketing & Social Media,Social Media Management
Loomly - Brand success platform,ğŸ“± Marketing & Social Media,Social Media Management
,,
Content Creation & Design,,
Canva - Drag-and-drop design,ğŸ“± Marketing & Social Media,Content Creation & Design
Adobe Creative Suite - Professional design tools,ğŸ“± Marketing & Social Media,Content Creation & Design
Figma - Web-based design collaboration,ğŸ“± Marketing & Social Media,Content Creation & Design
Sketch - Mac-based design tool,ğŸ“± Marketing & Social Media,Content Creation & Design
InDesign - Professional layout design,ğŸ“± Marketing & Social Media,Content Creation & Design
Photoshop - Image editing standard,ğŸ“± Marketing & Social Media,Content Creation & Design
Illustrator - Vector graphics,ğŸ“± Marketing & Social Media,Content Creation & Design
After Effects - Motion graphics,ğŸ“± Marketing & Social Media,Content Creation & Design
Premiere Pro - Video editing,ğŸ“± Marketing & Social Media,Content Creation & Design
Final Cut Pro - Mac video editing,ğŸ“± Marketing & Social Media,Content Creation & Design
,,
Analytics & Insights,,
Google Analytics - Website analytics standard,ğŸ“± Marketing & Social Media,Analytics & Insights
Facebook Analytics - Social media insights,ğŸ“± Marketing & Social Media,Analytics & Insights
Instagram Insights - Built-in Instagram analytics,ğŸ“± Marketing & Social Media,Analytics & Insights
Twitter Analytics - Tweet performance tracking,ğŸ“± Marketing & Social Media,Analytics & Insights
LinkedIn Analytics - Professional network insights,ğŸ“± Marketing & Social Media,Analytics & Insights
TikTok Analytics - Short-form video insights,ğŸ“± Marketing & Social Media,Analytics & Insights
YouTube Analytics - Video performance tracking,ğŸ“± Marketing & Social Media,Analytics & Insights
Pinterest Analytics - Visual content insights,ğŸ“± Marketing & Social Media,Analytics & Insights
Snapchat Insights - Snap ad analytics,ğŸ“± Marketing & Social Media,Analytics & Insights
Hotjar - User behavior analytics,ğŸ“± Marketing & Social Media,Analytics & Insights
,,
ğŸ¨ Design & Creative Tools,,
Graphic Design,,
Canva - Templates for everyone,ğŸ¨ Design & Creative Tools,Graphic Design
Adobe Creative Suite - Professional standard,ğŸ¨ Design & Creative Tools,Graphic Design
Figma - Collaborative design,ğŸ¨ Design & Creative Tools,Graphic Design
Sketch - Mac-based design,ğŸ¨ Design & Creative Tools,Graphic Design
Affinity Designer - Affordable alternative,ğŸ¨ Design & Creative Tools,Graphic Design
Gravit Designer - Browser-based design,ğŸ¨ Design & Creative Tools,Graphic Design
Vectr - Free vector graphics,ğŸ¨ Design & Creative Tools,Graphic Design
GIMP - Free image editing,ğŸ¨ Design & Creative Tools,Graphic Design
Pixlr - Online photo editor,ğŸ¨ Design & Creative Tools,Graphic Design
PicMonkey - Photo editing and design,ğŸ¨ Design & Creative Tools,Graphic Design
,,
Web Design & Development,,
Webflow - Visual web development,ğŸ¨ Design & Creative Tools,Web Design & Development
Squarespace - Website builder,ğŸ¨ Design & Creative Tools,Web Design & Development
Wix - Drag-and-drop websites,ğŸ¨ Design & Creative Tools,Web Design & Development
WordPress.com - Hosted WordPress,ğŸ¨ Design & Creative Tools,Web Design & Development
Ghost - Publishing-focused CMS,ğŸ¨ Design & Creative Tools,Web Design & Development
Framer - Interactive design,ğŸ¨ Design & Creative Tools,Web Design & Development
Bubble - No-code web app builder,ğŸ¨ Design & Creative Tools,Web Design & Development
Glide - No-code app builder,ğŸ¨ Design & Creative Tools,Web Design & Development
Adalo - Mobile app builder,ğŸ¨ Design & Creative Tools,Web Design & Development
Carrd - Simple one-page sites,ğŸ¨ Design & Creative Tools,Web Design & Development
,,
Video & Animation,,
Adobe After Effects - Motion graphics,ğŸ¨ Design & Creative Tools,Video & Animation
Adobe Premiere Pro - Video editing,ğŸ¨ Design & Creative Tools,Video & Animation
Final Cut Pro - Mac video editing,ğŸ¨ Design & Creative Tools,Video & Animation
DaVinci Resolve - Professional color grading,ğŸ¨ Design & Creative Tools,Video & Animation
Luma Fusion - Mobile video editing,ğŸ¨ Design & Creative Tools,Video & Animation
Animoto - Automated video creation,ğŸ¨ Design & Creative Tools,Video & Animation
Vyond - Animated video maker,ğŸ¨ Design & Creative Tools,Video & Animation
Powtoon - Animation presentation tool,ğŸ¨ Design & Creative Tools,Video & Animation
Lottie - Web animations,ğŸ¨ Design & Creative Tools,Video & Animation
Rive - Interactive animations,ğŸ¨ Design & Creative Tools,Video & Animation
,,
ğŸ’» Development & Technical Tools,,
Programming Languages,,
Frontend Languages,,
JavaScript - The web standard,ğŸ’» Development & Technical Tools,Frontend Languages
TypeScript - JavaScript with types,ğŸ’» Development & Technical Tools,Frontend Languages
HTML/CSS - Web markup and styling,ğŸ’» Development & Technical Tools,Frontend Languages
Dart - Google's Flutter language,ğŸ’» Development & Technical Tools,Frontend Languages
WebAssembly - High-performance web apps,ğŸ’» Development & Technical Tools,Frontend Languages
,,
Backend Languages,,
Python - Versatile and beginner-friendly,ğŸ’» Development & Technical Tools,Backend Languages
JavaScript/Node.js - Full-stack JavaScript,ğŸ’» Development & Technical Tools,Backend Languages
Java - Enterprise standard,ğŸ’» Development & Technical Tools,Backend Languages
C# - Microsoft ecosystem,ğŸ’» Development & Technical Tools,Backend Languages
Go - Google's efficiency language,ğŸ’» Development & Technical Tools,Backend Languages
Rust - Memory-safe systems programming,ğŸ’» Development & Technical Tools,Backend Languages
PHP - Web development staple,ğŸ’» Development & Technical Tools,Backend Languages
Ruby - Developer happiness focus,ğŸ’» Development & Technical Tools,Backend Languages
Scala - Functional JVM language,ğŸ’» Development & Technical Tools,Backend Languages
Kotlin - Modern JVM language,ğŸ’» Development & Technical Tools,Backend Languages
,,
Mobile Development:,,
Swift - iOS native development,ğŸ’» Development & Technical Tools,Mobile Development:
Objective-C - Legacy iOS development,ğŸ’» Development & Technical Tools,Mobile Development:
Java/Kotlin - Android development,ğŸ’» Development & Technical Tools,Mobile Development:
Dart/Flutter - Cross-platform mobile,ğŸ’» Development & Technical Tools,Mobile Development:
React Native - JavaScript mobile apps,ğŸ’» Development & Technical Tools,Mobile Development:
Xamarin - Microsoft cross-platform,ğŸ’» Development & Technical Tools,Mobile Development:
,,
Systems & Low-Level,,
C - System programming foundation,ğŸ’» Development & Technical Tools,Systems & Low-Level
C++ - High-performance applications,ğŸ’» Development & Technical Tools,Systems & Low-Level
Assembly - Hardware-level programming,ğŸ’» Development & Technical Tools,Systems & Low-Level
Zig - Modern systems language,ğŸ’» Development & Technical Tools,Systems & Low-Level
,,
Frontend Frameworks,,
React - Facebook's component library,ğŸ’» Development & Technical Tools,Frontend Frameworks
Vue.js - Progressive framework,ğŸ’» Development & Technical Tools,Frontend Frameworks
Angular - Google's full framework,ğŸ’» Development & Technical Tools,Frontend Frameworks
Svelte - Compile-time framework,ğŸ’» Development & Technical Tools,Frontend Frameworks
Next.js - React with server-side rendering,ğŸ’» Development & Technical Tools,Frontend Frameworks
Nuxt.js - Vue.js framework,ğŸ’» Development & Technical Tools,Frontend Frameworks
Gatsby - Static site generator,ğŸ’» Development & Technical Tools,Frontend Frameworks
Astro - Islands architecture,ğŸ’» Development & Technical Tools,Frontend Frameworks
,,
Backend Frameworks,,
Express.js - Node.js web framework,ğŸ’» Development & Technical Tools,Backend Frameworks
Django - Python web framework,ğŸ’» Development & Technical Tools,Backend Frameworks
Flask - Lightweight Python framework,ğŸ’» Development & Technical Tools,Backend Frameworks
Ruby on Rails - Convention over configuration,ğŸ’» Development & Technical Tools,Backend Frameworks
Spring Boot - Java enterprise framework,ğŸ’» Development & Technical Tools,Backend Frameworks
ASP.NET Core - Microsoft web framework,ğŸ’» Development & Technical Tools,Backend Frameworks
Laravel - PHP web framework,ğŸ’» Development & Technical Tools,Backend Frameworks
Gin - Go web framework,ğŸ’» Development & Technical Tools,Backend Frameworks
FastAPI - Modern Python API framework,ğŸ’» Development & Technical Tools,Backend Frameworks
,,
Mobile Frameworks,,
React Native - JavaScript mobile development,ğŸ’» Development & Technical Tools,Mobile Frameworks
Flutter - Google's UI toolkit,ğŸ’» Development & Technical Tools,Mobile Frameworks
Ionic - Hybrid mobile apps,ğŸ’» Development & Technical Tools,Mobile Frameworks
PhoneGap/Cordova - Web-based mobile apps,ğŸ’» Development & Technical Tools,Mobile Frameworks
NativeScript - Native mobile with web skills,ğŸ’» Development & Technical Tools,Mobile Frameworks
,,
Code Editors & IDEs,,
Visual Studio Code - Microsoft's free editor,ğŸ’» Development & Technical Tools,Code Editors & IDEs
"JetBrains Suite - Professional IDEs (IntelliJ, PyCharm, WebStorm)",ğŸ’» Development & Technical Tools,Code Editors & IDEs
Sublime Text - Fast text editor,ğŸ’» Development & Technical Tools,Code Editors & IDEs
Atom - GitHub's hackable editor,ğŸ’» Development & Technical Tools,Code Editors & IDEs
Vim/Neovim - Terminal text editors,ğŸ’» Development & Technical Tools,Code Editors & IDEs
Emacs - Extensible text editor,ğŸ’» Development & Technical Tools,Code Editors & IDEs
Brackets - Adobe's web editor,ğŸ’» Development & Technical Tools,Code Editors & IDEs
CodePen - Online code playground,ğŸ’» Development & Technical Tools,Code Editors & IDEs
JSFiddle - JavaScript testing,ğŸ’» Development & Technical Tools,Code Editors & IDEs
Repl.it - Online IDE,ğŸ’» Development & Technical Tools,Code Editors & IDEs
Xcode - Apple's development environment,ğŸ’» Development & Technical Tools,Code Editors & IDEs
Android Studio - Google's Android IDE,ğŸ’» Development & Technical Tools,Code Editors & IDEs
,,
Version Control & Collaboration,,
GitHub - Git repository hosting,ğŸ’» Development & Technical Tools,Version Control & Collaboration
GitLab - DevOps platform,ğŸ’» Development & Technical Tools,Version Control & Collaboration
Bitbucket - Atlassian's Git solution,ğŸ’» Development & Technical Tools,Version Control & Collaboration
Azure DevOps - Microsoft development,ğŸ’» Development & Technical Tools,Version Control & Collaboration
SourceForge - Open source hosting,ğŸ’» Development & Technical Tools,Version Control & Collaboration
CodeCommit - AWS Git service,ğŸ’» Development & Technical Tools,Version Control & Collaboration
Perforce - Enterprise version control,ğŸ’» Development & Technical Tools,Version Control & Collaboration
Subversion - Centralized version control,ğŸ’» Development & Technical Tools,Version Control & Collaboration
Mercurial - Distributed version control,ğŸ’» Development & Technical Tools,Version Control & Collaboration
Bazaar - Distributed version control,ğŸ’» Development & Technical Tools,Version Control & Collaboration
,,
Deployment & Hosting,,
Vercel - Frontend deployment,ğŸ’» Development & Technical Tools,Deployment & Hosting
Netlify - JAMstack hosting,ğŸ’» Development & Technical Tools,Deployment & Hosting
Heroku - Platform as a service,ğŸ’» Development & Technical Tools,Deployment & Hosting
AWS - Amazon Web Services,ğŸ’» Development & Technical Tools,Deployment & Hosting
Google Cloud - Google's cloud platform,ğŸ’» Development & Technical Tools,Deployment & Hosting
Microsoft Azure - Microsoft's cloud,ğŸ’» Development & Technical Tools,Deployment & Hosting
DigitalOcean - Simple cloud hosting,ğŸ’» Development & Technical Tools,Deployment & Hosting
Linode - Linux cloud hosting,ğŸ’» Development & Technical Tools,Deployment & Hosting
Vultr - High-performance cloud,ğŸ’» Development & Technical Tools,Deployment & Hosting
Cloudflare - CDN and security,ğŸ’» Development & Technical Tools,Deployment & Hosting
,,
ğŸ’° Finance & Accounting,,
Accounting Software,,
QuickBooks - Small business standard,ğŸ’° Finance & Accounting,Accounting Software
Xero - Cloud-based accounting,ğŸ’° Finance & Accounting,Accounting Software
FreshBooks - Freelancer-friendly,ğŸ’° Finance & Accounting,Accounting Software
Wave - Free small business accounting,ğŸ’° Finance & Accounting,Accounting Software
Sage - Enterprise accounting,ğŸ’° Finance & Accounting,Accounting Software
NetSuite - ERP solution,ğŸ’° Finance & Accounting,Accounting Software
Zoho Books - Part of Zoho suite,ğŸ’° Finance & Accounting,Accounting Software
MYOB - Australian/NZ accounting,ğŸ’° Finance & Accounting,Accounting Software
KashFlow - UK small business,ğŸ’° Finance & Accounting,Accounting Software
Bench - Bookkeeping service,ğŸ’° Finance & Accounting,Accounting Software
,,
Invoicing & Payments,,
Stripe - Online payment processing,ğŸ’° Finance & Accounting,Invoicing & Payments
PayPal - Digital payments,ğŸ’° Finance & Accounting,Invoicing & Payments
Square - Point of sale systems,ğŸ’° Finance & Accounting,Invoicing & Payments
Invoice Ninja - Open source invoicing,ğŸ’° Finance & Accounting,Invoicing & Payments
Zoho Invoice - Simple invoicing,ğŸ’° Finance & Accounting,Invoicing & Payments
PandaDoc - Document automation,ğŸ’° Finance & Accounting,Invoicing & Payments
HelloSign - Electronic signatures,ğŸ’° Finance & Accounting,Invoicing & Payments
DocuSign - Digital signature leader,ğŸ’° Finance & Accounting,Invoicing & Payments
Adobe Sign - PDF signature solution,ğŸ’° Finance & Accounting,Invoicing & Payments
SignNow - Business e-signature,ğŸ’° Finance & Accounting,Invoicing & Payments
,,
Expense Management,,
Expensify - Expense report automation,ğŸ’° Finance & Accounting,Expense Management
Concur - Enterprise expense management,ğŸ’° Finance & Accounting,Expense Management
Receipt Bank - Receipt processing,ğŸ’° Finance & Accounting,Expense Management
Shoeboxed - Receipt organization,ğŸ’° Finance & Accounting,Expense Management
ABUKAI - Photo receipt processing,ğŸ’° Finance & Accounting,Expense Management
Zoho Expense - Part of Zoho suite,ğŸ’° Finance & Accounting,Expense Management
Rydoo - European expense management,ğŸ’° Finance & Accounting,Expense Management
Chrome River - Expense management,ğŸ’° Finance & Accounting,Expense Management
Certify - Expense and invoice management,ğŸ’° Finance & Accounting,Expense Management
Fyle - Real-time expense reporting,ğŸ’° Finance & Accounting,Expense Management
,,
â° Time Tracking & Scheduling,,
Time Tracking,,
Toggl - Simple time tracking,â° Time Tracking & Scheduling,Time Tracking
RescueTime - Automatic activity tracking,â° Time Tracking & Scheduling,Time Tracking
Clockify - Free time tracking,â° Time Tracking & Scheduling,Time Tracking
Harvest - Time tracking with invoicing,â° Time Tracking & Scheduling,Time Tracking
Time Doctor - Team time tracking,â° Time Tracking & Scheduling,Time Tracking
DeskTime - Automatic time tracking,â° Time Tracking & Scheduling,Time Tracking
TimeCamp - Project time tracking,â° Time Tracking & Scheduling,Time Tracking
Everhour - Team time tracking,â° Time Tracking & Scheduling,Time Tracking
Hubstaff - Employee monitoring,â° Time Tracking & Scheduling,Time Tracking
Timing (Mac) - Automatic time tracking,â° Time Tracking & Scheduling,Time Tracking
,,
Calendar & Scheduling,,
Google Calendar - Free calendar service,â° Time Tracking & Scheduling,Calendar & Scheduling
Outlook Calendar - Microsoft's calendar,â° Time Tracking & Scheduling,Calendar & Scheduling
Apple Calendar - Built-in Mac/iOS calendar,â° Time Tracking & Scheduling,Calendar & Scheduling
Calendly - Automated scheduling,â° Time Tracking & Scheduling,Calendar & Scheduling
Acuity Scheduling - Advanced booking,â° Time Tracking & Scheduling,Calendar & Scheduling
Schedule Once - Enterprise scheduling,â° Time Tracking & Scheduling,Calendar & Scheduling
When2meet - Group availability,â° Time Tracking & Scheduling,Calendar & Scheduling
Doodle - Poll-based scheduling,â° Time Tracking & Scheduling,Calendar & Scheduling
FindTime - Microsoft scheduling,â° Time Tracking & Scheduling,Calendar & Scheduling
x.ai - AI scheduling assistant,â° Time Tracking & Scheduling,Calendar & Scheduling
,,
Focus & Productivity,,
Forest - Gamified focus app,â° Time Tracking & Scheduling,Focus & Productivity
Freedom - Website and app blocker,â° Time Tracking & Scheduling,Focus & Productivity
Cold Turkey - Distraction blocker,â° Time Tracking & Scheduling,Focus & Productivity
StayFocusd - Chrome extension,â° Time Tracking & Scheduling,Focus & Productivity
Momentum - New tab page,â° Time Tracking & Scheduling,Focus & Productivity
Be Focused - Pomodoro timer,â° Time Tracking & Scheduling,Focus & Productivity
Focus Keeper - Time management,â° Time Tracking & Scheduling,Focus & Productivity
PomoDone - Pomodoro with task integration,â° Time Tracking & Scheduling,Focus & Productivity
Brain.fm - Focus music,â° Time Tracking & Scheduling,Focus & Productivity
Noisli - Background noise generator,â° Time Tracking & Scheduling,Focus & Productivity
,,
ğŸ“ Note-Taking & Knowledge Management,,
Digital Note-Taking,,
Notion - All-in-one workspace,ğŸ“ Note-Taking & Knowledge Management,Digital Note-Taking
Obsidian - Linked note-taking,ğŸ“ Note-Taking & Knowledge Management,Digital Note-Taking
Roam Research - Networked thought,ğŸ“ Note-Taking & Knowledge Management,Digital Note-Taking
Logseq - Open-source knowledge graph,ğŸ“ Note-Taking & Knowledge Management,Digital Note-Taking
RemNote - Spaced repetition notes,ğŸ“ Note-Taking & Knowledge Management,Digital Note-Taking
Craft - Block-based writing,ğŸ“ Note-Taking & Knowledge Management,Digital Note-Taking
Bear (Mac/iOS) - Markdown notes,ğŸ“ Note-Taking & Knowledge Management,Digital Note-Taking
Ulysses - Long-form writing,ğŸ“ Note-Taking & Knowledge Management,Digital Note-Taking
Day One - Digital journaling,ğŸ“ Note-Taking & Knowledge Management,Digital Note-Taking
Journey - Cross-platform journaling,ğŸ“ Note-Taking & Knowledge Management,Digital Note-Taking
,,
Traditional Note Apps,,
Evernote - The original digital notebook,ğŸ“ Note-Taking & Knowledge Management,Traditional Note Apps
OneNote - Microsoft's note-taking,ğŸ“ Note-Taking & Knowledge Management,Traditional Note Apps
Apple Notes - Built-in iOS/Mac notes,ğŸ“ Note-Taking & Knowledge Management,Traditional Note Apps
Google Keep - Simple note-taking,ğŸ“ Note-Taking & Knowledge Management,Traditional Note Apps
Simplenote - Minimalist notes,ğŸ“ Note-Taking & Knowledge Management,Traditional Note Apps
Standard Notes - Privacy-focused notes,ğŸ“ Note-Taking & Knowledge Management,Traditional Note Apps
Joplin - Open-source notes,ğŸ“ Note-Taking & Knowledge Management,Traditional Note Apps
QOwnNotes - Plain text note-taking,ğŸ“ Note-Taking & Knowledge Management,Traditional Note Apps
Trilium - Hierarchical note-taking,ğŸ“ Note-Taking & Knowledge Management,Traditional Note Apps
TiddlyWiki - Non-linear documentation,ğŸ“ Note-Taking & Knowledge Management,Traditional Note Apps
,,
Knowledge Management,,
Confluence - Team knowledge base,ğŸ“ Note-Taking & Knowledge Management,Knowledge Management
GitBook - Documentation platform,ğŸ“ Note-Taking & Knowledge Management,Knowledge Management
Bookstack - Self-hosted wiki,ğŸ“ Note-Taking & Knowledge Management,Knowledge Management
DokuWiki - File-based wiki,ğŸ“ Note-Taking & Knowledge Management,Knowledge Management
MediaWiki - Wikipedia's software,ğŸ“ Note-Taking & Knowledge Management,Knowledge Management
Outline - Team knowledge base,ğŸ“ Note-Taking & Knowledge Management,Knowledge Management
Slab - Modern team wiki,ğŸ“ Note-Taking & Knowledge Management,Knowledge Management
Guru - Real-time knowledge,ğŸ“ Note-Taking & Knowledge Management,Knowledge Management
Helpjuice - Knowledge base software,ğŸ“ Note-Taking & Knowledge Management,Knowledge Management
Document360 - Customer knowledge base,ğŸ“ Note-Taking & Knowledge Management,Knowledge Management
,,
ğŸ”„ Automation & Workflows,,
Workflow Automation,,
Zapier - Connect apps without code,ğŸ”„ Automation & Workflows,Workflow Automation
IFTTT - If This Then That,ğŸ”„ Automation & Workflows,Workflow Automation
Microsoft Power Automate - Microsoft's automation,ğŸ”„ Automation & Workflows,Workflow Automation
Integromat (Make) - Visual automation,ğŸ”„ Automation & Workflows,Workflow Automation
n8n - Open-source automation,ğŸ”„ Automation & Workflows,Workflow Automation
Automate.io - Simple app integration,ğŸ”„ Automation & Workflows,Workflow Automation
Pabbly Connect - Affordable automation,ğŸ”„ Automation & Workflows,Workflow Automation
Integrately - One-click integrations,ğŸ”„ Automation & Workflows,Workflow Automation
Workato - Enterprise automation,ğŸ”„ Automation & Workflows,Workflow Automation
Tray.io - iPaaS platform,ğŸ”„ Automation & Workflows,Workflow Automation
,,
Business Process Automation,,
Monday.com - Work operating system,ğŸ”„ Automation & Workflows,Business Process Automation
Airtable - Database automation,ğŸ”„ Automation & Workflows,Business Process Automation
Notion - Workspace automation,ğŸ”„ Automation & Workflows,Business Process Automation
ClickUp - Task automation,ğŸ”„ Automation & Workflows,Business Process Automation
Asana - Project automation,ğŸ”„ Automation & Workflows,Business Process Automation
Process Street - Workflow checklists,ğŸ”„ Automation & Workflows,Business Process Automation
Nintex - Process automation platform,ğŸ”„ Automation & Workflows,Business Process Automation
K2 - Business process automation,ğŸ”„ Automation & Workflows,Business Process Automation
Appian - Low-code automation,ğŸ”„ Automation & Workflows,Business Process Automation
OutSystems - Application development,ğŸ”„ Automation & Workflows,Business Process Automation
,,
Data Integration,,
Fivetran - Automated data integration,ğŸ”„ Automation & Workflows,Data Integration
Stitch - ETL for startups,ğŸ”„ Automation & Workflows,Data Integration
Segment - Customer data platform,ğŸ”„ Automation & Workflows,Data Integration
Snowflake - Cloud data platform,ğŸ”„ Automation & Workflows,Data Integration
Databricks - Analytics platform,ğŸ”„ Automation & Workflows,Data Integration
Apache Airflow - Workflow orchestration,ğŸ”„ Automation & Workflows,Data Integration
Luigi - Python workflow management,ğŸ”„ Automation & Workflows,Data Integration
Prefect - Modern workflow orchestration,ğŸ”„ Automation & Workflows,Data Integration
Dagster - Data orchestration,ğŸ”„ Automation & Workflows,Data Integration
Apache NiFi - Data flow automation,ğŸ”„ Automation & Workflows,Data Integration
,,
â˜ï¸ Cloud Storage & File Management,,
Personal Cloud Storage,,
Google Drive - 15GB free storage,â˜ï¸ Cloud Storage & File Management,Personal Cloud Storage
Dropbox - File sync pioneer,â˜ï¸ Cloud Storage & File Management,Personal Cloud Storage
OneDrive - Microsoft's cloud storage,â˜ï¸ Cloud Storage & File Management,Personal Cloud Storage
iCloud - Apple's ecosystem storage,â˜ï¸ Cloud Storage & File Management,Personal Cloud Storage
Box - Business-focused storage,â˜ï¸ Cloud Storage & File Management,Personal Cloud Storage
pCloud - Lifetime storage plans,â˜ï¸ Cloud Storage & File Management,Personal Cloud Storage
MEGA - Secure cloud storage,â˜ï¸ Cloud Storage & File Management,Personal Cloud Storage
SpiderOak - Zero-knowledge storage,â˜ï¸ Cloud Storage & File Management,Personal Cloud Storage
Tresorit - Encrypted cloud storage,â˜ï¸ Cloud Storage & File Management,Personal Cloud Storage
Sync.com - Privacy-focused storage,â˜ï¸ Cloud Storage & File Management,Personal Cloud Storage
,,
Business File Management,,
SharePoint - Microsoft collaboration,â˜ï¸ Cloud Storage & File Management,Business File Management
Google Workspace - Business file sharing,â˜ï¸ Cloud Storage & File Management,Business File Management
Box - Enterprise content management,â˜ï¸ Cloud Storage & File Management,Business File Management
Citrix ShareFile - Secure file sharing,â˜ï¸ Cloud Storage & File Management,Business File Management
Egnyte - Hybrid cloud storage,â˜ï¸ Cloud Storage & File Management,Business File Management
Nextcloud - Self-hosted cloud,â˜ï¸ Cloud Storage & File Management,Business File Management
ownCloud - Private cloud solution,â˜ï¸ Cloud Storage & File Management,Business File Management
Seafile - Open-source sync,â˜ï¸ Cloud Storage & File Management,Business File Management
Synology - NAS solutions,â˜ï¸ Cloud Storage & File Management,Business File Management
QNAP - Network attached storage,â˜ï¸ Cloud Storage & File Management,Business File Management
,,
File Transfer,,
WeTransfer - Simple large file sharing,â˜ï¸ Cloud Storage & File Management,File Transfer
SendAnywhere - Cross-platform transfer,â˜ï¸ Cloud Storage & File Management,File Transfer
Firefox Send - Encrypted file sharing,â˜ï¸ Cloud Storage & File Management,File Transfer
Filemail - Large file email,â˜ï¸ Cloud Storage & File Management,File Transfer
Hightail - Creative collaboration,â˜ï¸ Cloud Storage & File Management,File Transfer
Masv - Large file transfer,â˜ï¸ Cloud Storage & File Management,File Transfer
Aspera - High-speed transfer,â˜ï¸ Cloud Storage & File Management,File Transfer
Signiant - Media file transfer,â˜ï¸ Cloud Storage & File Management,File Transfer
FileCatalyst - Accelerated transfer,â˜ï¸ Cloud Storage & File Management,File Transfer
Resilio Sync - P2P file sync,â˜ï¸ Cloud Storage & File Management,File Transfer
,,
ğŸ”’ Security & Privacy Tools,,
Password Management,,
1Password - Family and business passwords,ğŸ”’ Security & Privacy Tools,Password Management
Bitwarden - Open-source password manager,ğŸ”’ Security & Privacy Tools,Password Management
LastPass - Popular password manager,ğŸ”’ Security & Privacy Tools,Password Management
Dashlane - Password manager with VPN,ğŸ”’ Security & Privacy Tools,Password Management
KeePass - Offline password database,ğŸ”’ Security & Privacy Tools,Password Management
Enpass - Offline password manager,ğŸ”’ Security & Privacy Tools,Password Management
RoboForm - Form-filling password manager,ğŸ”’ Security & Privacy Tools,Password Management
Sticky Password - Biometric authentication,ğŸ”’ Security & Privacy Tools,Password Management
True Key - Intel's password manager,ğŸ”’ Security & Privacy Tools,Password Management
Zoho Vault - Business password manager,ğŸ”’ Security & Privacy Tools,Password Management
,,
VPN Services,,
NordVPN - Popular consumer VPN,ğŸ”’ Security & Privacy Tools,VPN Services
ExpressVPN - Fast VPN service,ğŸ”’ Security & Privacy Tools,VPN Services
Surfshark - Unlimited device VPN,ğŸ”’ Security & Privacy Tools,VPN Services
CyberGhost - User-friendly VPN,ğŸ”’ Security & Privacy Tools,VPN Services
ProtonVPN - Privacy-focused VPN,ğŸ”’ Security & Privacy Tools,VPN Services
Mullvad - Anonymous VPN service,ğŸ”’ Security & Privacy Tools,VPN Services
Private Internet Access - No-logs VPN,ğŸ”’ Security & Privacy Tools,VPN Services
Windscribe - Free tier VPN,ğŸ”’ Security & Privacy Tools,VPN Services
TunnelBear - Simple VPN interface,ğŸ”’ Security & Privacy Tools,VPN Services
IPVanish - VPN for streaming,ğŸ”’ Security & Privacy Tools,VPN Services
,,
Security Tools,,
Malwarebytes - Anti-malware protection,ğŸ”’ Security & Privacy Tools,Security Tools
Norton - Comprehensive security suite,ğŸ”’ Security & Privacy Tools,Security Tools
McAfee - Consumer security software,ğŸ”’ Security & Privacy Tools,Security Tools
Bitdefender - Advanced threat protection,ğŸ”’ Security & Privacy Tools,Security Tools
Kaspersky - Russian security software,ğŸ”’ Security & Privacy Tools,Security Tools
Avast - Free antivirus option,ğŸ”’ Security & Privacy Tools,Security Tools
AVG - Consumer antivirus,ğŸ”’ Security & Privacy Tools,Security Tools
ESET - European security company,ğŸ”’ Security & Privacy Tools,Security Tools
Trend Micro - Business security,ğŸ”’ Security & Privacy Tools,Security Tools
Sophos - Enterprise security,ğŸ”’ Security & Privacy Tools,Security Tools
,,
ğŸ“Š Analytics & Data Tools,,
Web Analytics,,
Google Analytics - Free web analytics,ğŸ“Š Analytics & Data Tools,Web Analytics
Adobe Analytics - Enterprise web analytics,ğŸ“Š Analytics & Data Tools,Web Analytics
Mixpanel - Event tracking analytics,ğŸ“Š Analytics & Data Tools,Web Analytics
Amplitude - Product analytics,ğŸ“Š Analytics & Data Tools,Web Analytics
Hotjar - User behavior analytics,ğŸ“Š Analytics & Data Tools,Web Analytics
Crazy Egg - Heatmap analytics,ğŸ“Š Analytics & Data Tools,Web Analytics
FullStory - Session recording,ğŸ“Š Analytics & Data Tools,Web Analytics
LogRocket - Frontend monitoring,ğŸ“Š Analytics & Data Tools,Web Analytics
Mouseflow - User session recording,ğŸ“Š Analytics & Data Tools,Web Analytics
Lucky Orange - Real-time analytics,ğŸ“Š Analytics & Data Tools,Web Analytics
,,
Business Intelligence,,
Tableau - Data visualization leader,ğŸ“Š Analytics & Data Tools,Business Intelligence
Power BI - Microsoft's BI platform,ğŸ“Š Analytics & Data Tools,Business Intelligence
Looker - Modern BI platform,ğŸ“Š Analytics & Data Tools,Business Intelligence
QlikView - Self-service BI,ğŸ“Š Analytics & Data Tools,Business Intelligence
Sisense - AI-driven analytics,ğŸ“Š Analytics & Data Tools,Business Intelligence
Domo - Cloud-based BI,ğŸ“Š Analytics & Data Tools,Business Intelligence
Chartio - Data exploration,ğŸ“Š Analytics & Data Tools,Business Intelligence
Metabase - Open-source BI,ğŸ“Š Analytics & Data Tools,Business Intelligence
Grafana - Monitoring and observability,ğŸ“Š Analytics & Data Tools,Business Intelligence
Kibana - Elasticsearch visualization,ğŸ“Š Analytics & Data Tools,Business Intelligence
,,
Data Management,,
Snowflake - Cloud data platform,ğŸ“Š Analytics & Data Tools,Data Management
BigQuery - Google's data warehouse,ğŸ“Š Analytics & Data Tools,Data Management
Redshift - Amazon's data warehouse,ğŸ“Š Analytics & Data Tools,Data Management
Databricks - Unified analytics platform,ğŸ“Š Analytics & Data Tools,Data Management
Apache Spark - Big data processing,ğŸ“Š Analytics & Data Tools,Data Management
Hadoop - Distributed storage,ğŸ“Š Analytics & Data Tools,Data Management
MongoDB - NoSQL database,ğŸ“Š Analytics & Data Tools,Data Management
PostgreSQL - Open-source database,ğŸ“Š Analytics & Data Tools,Data Management
MySQL - Popular database,ğŸ“Š Analytics & Data Tools,Data Management
Redis - In-memory database,ğŸ“Š Analytics & Data Tools,Data Management
,,
ğŸ“ Learning & Development,,
Online Learning Platforms,,
Coursera - University courses online,ğŸ“ Learning & Development,Online Learning Platforms
Udemy - Marketplace for courses,ğŸ“ Learning & Development,Online Learning Platforms
LinkedIn Learning - Professional development,ğŸ“ Learning & Development,Online Learning Platforms
Skillshare - Creative skills platform,ğŸ“ Learning & Development,Online Learning Platforms
MasterClass - Celebrity-taught classes,ğŸ“ Learning & Development,Online Learning Platforms
Pluralsight - Technology training,ğŸ“ Learning & Development,Online Learning Platforms
Udacity - Tech career programs,ğŸ“ Learning & Development,Online Learning Platforms
edX - University partnerships,ğŸ“ Learning & Development,Online Learning Platforms
Khan Academy - Free education,ğŸ“ Learning & Development,Online Learning Platforms
Codecademy - Interactive coding,ğŸ“ Learning & Development,Online Learning Platforms
,,
Language Learning,,
Duolingo - Gamified language learning,ğŸ“ Learning & Development,Language Learning
Babbel - Conversation-focused learning,ğŸ“ Learning & Development,Language Learning
Rosetta Stone - Immersion method,ğŸ“ Learning & Development,Language Learning
Busuu - Social language learning,ğŸ“ Learning & Development,Language Learning
Memrise - Memory-based learning,ğŸ“ Learning & Development,Language Learning
HelloTalk - Language exchange,ğŸ“ Learning & Development,Language Learning
italki - 1-on-1 language tutoring,ğŸ“ Learning & Development,Language Learning
Lingoda - Online language school,ğŸ“ Learning & Development,Language Learning
FluentU - Real-world video content,ğŸ“ Learning & Development,Language Learning
Anki - Spaced repetition flashcards,ğŸ“ Learning & Development,Language Learning
,,
Skill Development,,
Brilliant - Math and science concepts,ğŸ“ Learning & Development,Skill Development
DataCamp - Data science skills,ğŸ“ Learning & Development,Skill Development
Treehouse - Web development,ğŸ“ Learning & Development,Skill Development
FreeCodeCamp - Free coding bootcamp,ğŸ“ Learning & Development,Skill Development
The Odin Project - Full-stack curriculum,ğŸ“ Learning & Development,Skill Development
LeetCode - Coding interview prep,ğŸ“ Learning & Development,Skill Development
HackerRank - Programming challenges,ğŸ“ Learning & Development,Skill Development
Codewars - Coding kata,ğŸ“ Learning & Development,Skill Development
Exercism - Programming exercises,ğŸ“ Learning & Development,Skill Development
Project Euler - Mathematical problems,ğŸ“ Learning & Development,Skill Development
,,
ğŸ›ï¸ E-commerce & Business Tools,,
E-commerce Platforms,,
Shopify - Complete e-commerce solution,ğŸ›ï¸ E-commerce & Business Tools,E-commerce Platforms
WooCommerce - WordPress e-commerce,ğŸ›ï¸ E-commerce & Business Tools,E-commerce Platforms
BigCommerce - Enterprise e-commerce,ğŸ›ï¸ E-commerce & Business Tools,E-commerce Platforms
Magento - Open-source e-commerce,ğŸ›ï¸ E-commerce & Business Tools,E-commerce Platforms
Squarespace Commerce - Design-focused stores,ğŸ›ï¸ E-commerce & Business Tools,E-commerce Platforms
Wix Stores - Drag-and-drop commerce,ğŸ›ï¸ E-commerce & Business Tools,E-commerce Platforms
PrestaShop - Free e-commerce software,ğŸ›ï¸ E-commerce & Business Tools,E-commerce Platforms
OpenCart - PHP-based e-commerce,ğŸ›ï¸ E-commerce & Business Tools,E-commerce Platforms
Zen Cart - Free shopping cart,ğŸ›ï¸ E-commerce & Business Tools,E-commerce Platforms
osCommerce - Open-source commerce,ğŸ›ï¸ E-commerce & Business Tools,E-commerce Platforms
,,
Payment Processing,,
Stripe - Developer-friendly payments,ğŸ›ï¸ E-commerce & Business Tools,Payment Processing
PayPal - Global payment platform,ğŸ›ï¸ E-commerce & Business Tools,Payment Processing
Square - In-person and online payments,ğŸ›ï¸ E-commerce & Business Tools,Payment Processing
Authorize.Net - Payment gateway,ğŸ›ï¸ E-commerce & Business Tools,Payment Processing
Braintree - PayPal's payment platform,ğŸ›ï¸ E-commerce & Business Tools,Payment Processing
2Checkout - Global payment processing,ğŸ›ï¸ E-commerce & Business Tools,Payment Processing
Worldpay - Enterprise payments,ğŸ›ï¸ E-commerce & Business Tools,Payment Processing
Adyen - Unified commerce platform,ğŸ›ï¸ E-commerce & Business Tools,Payment Processing
"Klarna - Buy now, pay later",ğŸ›ï¸ E-commerce & Business Tools,Payment Processing
Afterpay - Installment payments,ğŸ›ï¸ E-commerce & Business Tools,Payment Processing
,,
Inventory Management,,
TradeGecko - Inventory and order management,ğŸ›ï¸ E-commerce & Business Tools,Inventory Management
inFlow - Inventory management software,ğŸ›ï¸ E-commerce & Business Tools,Inventory Management
Zoho Inventory - Multi-channel inventory,ğŸ›ï¸ E-commerce & Business Tools,Inventory Management
Cin7 - Inventory management platform,ğŸ›ï¸ E-commerce & Business Tools,Inventory Management
DEAR Systems - Cloud inventory management,ğŸ›ï¸ E-commerce & Business Tools,Inventory Management
Fishbowl - Manufacturing inventory,ğŸ›ï¸ E-commerce & Business Tools,Inventory Management
NetSuite - ERP with inventory,ğŸ›ï¸ E-commerce & Business Tools,Inventory Management
Sage X3 - Enterprise inventory,ğŸ›ï¸ E-commerce & Business Tools,Inventory Management
Microsoft Dynamics - Business applications,ğŸ›ï¸ E-commerce & Business Tools,Inventory Management
SAP - Enterprise resource planning,ğŸ›ï¸ E-commerce & Business Tools,Inventory Management
,,
ğŸµ Media & Entertainment Tools,,
Music & Audio,,
Spotify - Music streaming service,ğŸµ Media & Entertainment Tools,Music & Audio
Apple Music - Apple's streaming service,ğŸµ Media & Entertainment Tools,Music & Audio
YouTube Music - Google's music platform,ğŸµ Media & Entertainment Tools,Music & Audio
Amazon Music - Amazon's streaming service,ğŸµ Media & Entertainment Tools,Music & Audio
Tidal - High-fidelity music streaming,ğŸµ Media & Entertainment Tools,Music & Audio
Deezer - Music streaming platform,ğŸµ Media & Entertainment Tools,Music & Audio
SoundCloud - User-generated audio,ğŸµ Media & Entertainment Tools,Music & Audio
Bandcamp - Independent music platform,ğŸµ Media & Entertainment Tools,Music & Audio
Pandora - Internet radio service,ğŸµ Media & Entertainment Tools,Music & Audio
iHeartRadio - Radio and podcasts,ğŸµ Media & Entertainment Tools,Music & Audio
,,
Audio Production,,
Pro Tools - Professional audio editing,ğŸµ Media & Entertainment Tools,Audio Production
Logic Pro - Mac-based music production,ğŸµ Media & Entertainment Tools,Audio Production
Ableton Live - Electronic music production,ğŸµ Media & Entertainment Tools,Audio Production
FL Studio - Windows music production,ğŸµ Media & Entertainment Tools,Audio Production
Reaper - Affordable DAW,ğŸµ Media & Entertainment Tools,Audio Production
GarageBand - Beginner music production,ğŸµ Media & Entertainment Tools,Audio Production
Audacity - Free audio editing,ğŸµ Media & Entertainment Tools,Audio Production
Adobe Audition - Audio editing suite,ğŸµ Media & Entertainment Tools,Audio Production
Hindenburg - Journalism audio editing,ğŸµ Media & Entertainment Tools,Audio Production
Descript - Text-based audio editing,ğŸµ Media & Entertainment Tools,Audio Production
,,
Video Streaming & Production,,
Netflix - Video streaming leader,ğŸµ Media & Entertainment Tools,Video Streaming & Production
YouTube - User-generated video,ğŸµ Media & Entertainment Tools,Video Streaming & Production
Vimeo - Professional video hosting,ğŸµ Media & Entertainment Tools,Video Streaming & Production
Twitch - Live streaming platform,ğŸµ Media & Entertainment Tools,Video Streaming & Production
OBS Studio - Free streaming software,ğŸµ Media & Entertainment Tools,Video Streaming & Production
Streamlabs - Streaming tools,ğŸµ Media & Entertainment Tools,Video Streaming & Production
XSplit - Broadcasting software,ğŸµ Media & Entertainment Tools,Video Streaming & Production
Wirecast - Live streaming production,ğŸµ Media & Entertainment Tools,Video Streaming & Production
vMix - Live production software,ğŸµ Media & Entertainment Tools,Video Streaming & Production
Lightstream - Cloud-based streaming,ğŸµ Media & Entertainment Tools,Video Streaming & Production
,,
ğŸ—„ï¸ Database & Data Management,,
Relational Databases,,
PostgreSQL - Advanced open-source database,ğŸ—„ï¸ Database & Data Management,Relational Databases
MySQL - Popular open-source database,ğŸ—„ï¸ Database & Data Management,Relational Databases
SQLite - Lightweight embedded database,ğŸ—„ï¸ Database & Data Management,Relational Databases
Microsoft SQL Server - Enterprise Windows database,ğŸ—„ï¸ Database & Data Management,Relational Databases
Oracle Database - Enterprise-grade database,ğŸ—„ï¸ Database & Data Management,Relational Databases
MariaDB - MySQL fork with enhancements,ğŸ—„ï¸ Database & Data Management,Relational Databases
Amazon RDS - Managed relational database service,ğŸ—„ï¸ Database & Data Management,Relational Databases
Google Cloud SQL - Managed database service,ğŸ—„ï¸ Database & Data Management,Relational Databases
,,
NoSQL Databases,,
MongoDB - Document database,ğŸ—„ï¸ Database & Data Management,NoSQL Databases
Redis - In-memory data structure store,ğŸ—„ï¸ Database & Data Management,NoSQL Databases
Cassandra - Wide-column distributed database,ğŸ—„ï¸ Database & Data Management,NoSQL Databases
DynamoDB - Amazon's NoSQL database,ğŸ—„ï¸ Database & Data Management,NoSQL Databases
Firebase Firestore - Google's NoSQL database,ğŸ—„ï¸ Database & Data Management,NoSQL Databases
CouchDB - Document database with REST API,ğŸ—„ï¸ Database & Data Management,NoSQL Databases
Neo4j - Graph database,ğŸ—„ï¸ Database & Data Management,NoSQL Databases
InfluxDB - Time-series database,ğŸ—„ï¸ Database & Data Management,NoSQL Databases
,,
Data Warehousing & Analytics,,
Snowflake - Cloud data platform,ğŸ—„ï¸ Database & Data Management,Data Warehousing & Analytics
BigQuery - Google's data warehouse,ğŸ—„ï¸ Database & Data Management,Data Warehousing & Analytics
Redshift - Amazon's data warehouse,ğŸ—„ï¸ Database & Data Management,Data Warehousing & Analytics
Databricks - Unified analytics platform,ğŸ—„ï¸ Database & Data Management,Data Warehousing & Analytics
Apache Spark - Big data processing,ğŸ—„ï¸ Database & Data Management,Data Warehousing & Analytics
Hadoop - Distributed storage and processing,ğŸ—„ï¸ Database & Data Management,Data Warehousing & Analytics
Elasticsearch - Search and analytics engine,ğŸ—„ï¸ Database & Data Management,Data Warehousing & Analytics
Splunk - Data platform for IT operations,ğŸ—„ï¸ Database & Data Management,Data Warehousing & Analytics
,,
ğŸ”§ DevOps & Infrastructure Tools,,
Cloud Platforms,,
Amazon Web Services (AWS) - The cloud computing giant,ğŸ”§ DevOps & Infrastructure Tools,Cloud Platforms
Google Cloud Platform - Google's cloud services,ğŸ”§ DevOps & Infrastructure Tools,Cloud Platforms
Microsoft Azure - Microsoft's cloud platform,ğŸ”§ DevOps & Infrastructure Tools,Cloud Platforms
DigitalOcean - Simple cloud hosting,ğŸ”§ DevOps & Infrastructure Tools,Cloud Platforms
Linode - Linux cloud hosting,ğŸ”§ DevOps & Infrastructure Tools,Cloud Platforms
Vultr - High-performance cloud computing,ğŸ”§ DevOps & Infrastructure Tools,Cloud Platforms
IBM Cloud - Enterprise cloud services,ğŸ”§ DevOps & Infrastructure Tools,Cloud Platforms
Oracle Cloud - Database-focused cloud platform,ğŸ”§ DevOps & Infrastructure Tools,Cloud Platforms
,,
Container & Orchestration,,
Docker - Application containerization,ğŸ”§ DevOps & Infrastructure Tools,Container & Orchestration
Kubernetes - Container orchestration,ğŸ”§ DevOps & Infrastructure Tools,Container & Orchestration
Docker Compose - Multi-container applications,ğŸ”§ DevOps & Infrastructure Tools,Container & Orchestration
Helm - Kubernetes package manager,ğŸ”§ DevOps & Infrastructure Tools,Container & Orchestration
OpenShift - Red Hat's Kubernetes platform,ğŸ”§ DevOps & Infrastructure Tools,Container & Orchestration
Rancher - Kubernetes management platform,ğŸ”§ DevOps & Infrastructure Tools,Container & Orchestration
Podman - Daemonless container engine,ğŸ”§ DevOps & Infrastructure Tools,Container & Orchestration
LXC/LXD - Linux containers,ğŸ”§ DevOps & Infrastructure Tools,Container & Orchestration
,,
CI/CD & Automation,,
Jenkins - Open-source automation server,ğŸ”§ DevOps & Infrastructure Tools,CI/CD & Automation
GitHub Actions - GitHub's CI/CD platform,ğŸ”§ DevOps & Infrastructure Tools,CI/CD & Automation
GitLab CI - Integrated CI/CD,ğŸ”§ DevOps & Infrastructure Tools,CI/CD & Automation
CircleCI - Cloud-based CI/CD,ğŸ”§ DevOps & Infrastructure Tools,CI/CD & Automation
Travis CI - Continuous integration service,ğŸ”§ DevOps & Infrastructure Tools,CI/CD & Automation
Azure DevOps - Microsoft's DevOps platform,ğŸ”§ DevOps & Infrastructure Tools,CI/CD & Automation
TeamCity - JetBrains CI/CD server,ğŸ”§ DevOps & Infrastructure Tools,CI/CD & Automation
Bamboo - Atlassian's CI/CD tool,ğŸ”§ DevOps & Infrastructure Tools,CI/CD & Automation
,,
Monitoring & Observability,,
New Relic - Application performance monitoring,ğŸ”§ DevOps & Infrastructure Tools,Monitoring & Observability
Datadog - Infrastructure monitoring,ğŸ”§ DevOps & Infrastructure Tools,Monitoring & Observability
Splunk - Data platform and monitoring,ğŸ”§ DevOps & Infrastructure Tools,Monitoring & Observability
Grafana - Visualization and monitoring,ğŸ”§ DevOps & Infrastructure Tools,Monitoring & Observability
Prometheus - Open-source monitoring,ğŸ”§ DevOps & Infrastructure Tools,Monitoring & Observability
"Elastic Stack - Search, logging, and analytics",ğŸ”§ DevOps & Infrastructure Tools,Monitoring & Observability
Nagios - IT infrastructure monitoring,ğŸ”§ DevOps & Infrastructure Tools,Monitoring & Observability
Zabbix - Enterprise monitoring solution,ğŸ”§ DevOps & Infrastructure Tools,Monitoring & Observability
,,
ğŸ§ª Testing & Quality Assurance,,
Software Testing Frameworks,,
Jest - JavaScript testing framework,ğŸ§ª Testing & Quality Assurance,Software Testing Frameworks
Selenium - Web application testing,ğŸ§ª Testing & Quality Assurance,Software Testing Frameworks
Cypress - End-to-end testing,ğŸ§ª Testing & Quality Assurance,Software Testing Frameworks
Playwright - Cross-browser automation,ğŸ§ª Testing & Quality Assurance,Software Testing Frameworks
TestNG - Java testing framework,ğŸ§ª Testing & Quality Assurance,Software Testing Frameworks
JUnit - Java unit testing,ğŸ§ª Testing & Quality Assurance,Software Testing Frameworks
PyTest - Python testing framework,ğŸ§ª Testing & Quality Assurance,Software Testing Frameworks
RSpec - Ruby testing framework,ğŸ§ª Testing & Quality Assurance,Software Testing Frameworks
Mocha - JavaScript test framework,ğŸ§ª Testing & Quality Assurance,Software Testing Frameworks
Jasmine - Behavior-driven testing,ğŸ§ª Testing & Quality Assurance,Software Testing Frameworks
,,
API Testing Tools,,
Postman - API development environment,ğŸ§ª Testing & Quality Assurance,API Testing Tools
Insomnia - REST client,ğŸ§ª Testing & Quality Assurance,API Testing Tools
SoapUI - API testing platform,ğŸ§ª Testing & Quality Assurance,API Testing Tools
REST Assured - Java API testing,ğŸ§ª Testing & Quality Assurance,API Testing Tools
Newman - Command-line Postman,ğŸ§ª Testing & Quality Assurance,API Testing Tools
Paw - Mac API testing tool,ğŸ§ª Testing & Quality Assurance,API Testing Tools
Thunder Client - VS Code REST client,ğŸ§ª Testing & Quality Assurance,API Testing Tools
HTTPie - Command-line HTTP client,ğŸ§ª Testing & Quality Assurance,API Testing Tools
,,
Performance Testing,ğŸ§ª Testing & Quality Assurance,Performance Testing
JMeter - Load testing tool,ğŸ§ª Testing & Quality Assurance,Performance Testing
LoadRunner - Enterprise performance testing,ğŸ§ª Testing & Quality Assurance,Performance Testing
Gatling - High-performance load testing,ğŸ§ª Testing & Quality Assurance,Performance Testing
k6 - Developer-centric load testing,ğŸ§ª Testing & Quality Assurance,Performance Testing
Artillery - Toolkit for load testing,ğŸ§ª Testing & Quality Assurance,Performance Testing
WebPageTest - Website performance testing,ğŸ§ª Testing & Quality Assurance,Performance Testing
GTmetrix - Website speed analysis,ğŸ§ª Testing & Quality Assurance,Performance Testing
Pingdom - Website monitoring,ğŸ§ª Testing & Quality Assurance,Performance Testing
,,
A/B Testing & Optimization,,
Optimizely - Digital experience platform,ğŸ§ª Testing & Quality Assurance,A/B Testing & Optimization
VWO - Website optimization,ğŸ§ª Testing & Quality Assurance,A/B Testing & Optimization
Google Optimize - Free A/B testing,ğŸ§ª Testing & Quality Assurance,A/B Testing & Optimization
Adobe Target - Personalization platform,ğŸ§ª Testing & Quality Assurance,A/B Testing & Optimization
Unbounce - Landing page optimization,ğŸ§ª Testing & Quality Assurance,A/B Testing & Optimization
Hotjar - User behavior analytics,ğŸ§ª Testing & Quality Assurance,A/B Testing & Optimization
FullStory - Digital experience analytics,ğŸ§ª Testing & Quality Assurance,A/B Testing & Optimization
Amplitude - Product analytics,ğŸ§ª Testing & Quality Assurance,A/B Testing & Optimization
,,
ğŸ”— API & Integration Tools,,
API Management,,
Postman - API development platform,ğŸ”— API & Integration Tools,API Management
Swagger/OpenAPI - API documentation,ğŸ”— API & Integration Tools,API Management
Insomnia - API client,ğŸ”— API & Integration Tools,API Management
RapidAPI - API marketplace,ğŸ”— API & Integration Tools,API Management
Kong - API gateway platform,ğŸ”— API & Integration Tools,API Management
AWS API Gateway - Managed API service,ğŸ”— API & Integration Tools,API Management
Azure API Management - Microsoft API platform,ğŸ”— API & Integration Tools,API Management
Apigee - Google's API management,ğŸ”— API & Integration Tools,API Management
,,
Integration Platforms,,
Zapier - No-code automation,ğŸ”— API & Integration Tools,Integration Platforms
IFTTT - Simple automation,ğŸ”— API & Integration Tools,Integration Platforms
Microsoft Power Automate - Business automation,ğŸ”— API & Integration Tools,Integration Platforms
MuleSoft - Enterprise integration,ğŸ”— API & Integration Tools,Integration Platforms
Dell Boomi - Cloud integration,ğŸ”— API & Integration Tools,Integration Platforms
Workato - Enterprise automation,ğŸ”— API & Integration Tools,Integration Platforms
Tray.io - General automation platform,ğŸ”— API & Integration Tools,Integration Platforms
Integromat (Make) - Visual automation,ğŸ”— API & Integration Tools,Integration Platforms
,,
Webhook & Real-time Tools,,
ngrok - Secure tunneling,ğŸ”— API & Integration Tools,Webhook & Real-time Tools
Pusher - Real-time communication,ğŸ”— API & Integration Tools,Webhook & Real-time Tools
Socket.io - Real-time engine,ğŸ”— API & Integration Tools,Webhook & Real-time Tools
Firebase - Real-time database,ğŸ”— API & Integration Tools,Webhook & Real-time Tools
Ably - Real-time messaging,ğŸ”— API & Integration Tools,Webhook & Real-time Tools
PubNub - Real-time communication,ğŸ”— API & Integration Tools,Webhook & Real-time Tools
AWS AppSync - Real-time data sync,ğŸ”— API & Integration Tools,Webhook & Real-time Tools
GraphQL - Query language for APIs,ğŸ”— API & Integration Tools,Webhook & Real-time Tools
,,
ğŸ–¥ï¸ Hardware & Equipment Tools,,
Computer Hardware,,
Apple MacBook - Creative professional standard,ğŸ–¥ï¸ Hardware & Equipment Tools,Computer Hardware
Dell XPS - Premium Windows laptops,ğŸ–¥ï¸ Hardware & Equipment Tools,Computer Hardware
ThinkPad - Business laptop reliability,ğŸ–¥ï¸ Hardware & Equipment Tools,Computer Hardware
Surface - Microsoft's hardware line,ğŸ–¥ï¸ Hardware & Equipment Tools,Computer Hardware
"Framework Laptop - Modular, repairable laptop",ğŸ–¥ï¸ Hardware & Equipment Tools,Computer Hardware
System76 - Linux-focused computers,ğŸ–¥ï¸ Hardware & Equipment Tools,Computer Hardware
"Custom PC Builders - Micro Center, Newegg, etc.",ğŸ–¥ï¸ Hardware & Equipment Tools,Computer Hardware
"Workstations - HP Z-series, Dell Precision",ğŸ–¥ï¸ Hardware & Equipment Tools,Computer Hardware
,,
Audio Equipment,,
Blue Yeti - Popular USB microphone,ğŸ–¥ï¸ Hardware & Equipment Tools,Audio Equipment
Audio-Technica ATR2100x - Professional microphone,ğŸ–¥ï¸ Hardware & Equipment Tools,Audio Equipment
Sony WH-1000XM4 - Noise-canceling headphones,ğŸ–¥ï¸ Hardware & Equipment Tools,Audio Equipment
Shure SM7B - Broadcast microphone,ğŸ–¥ï¸ Hardware & Equipment Tools,Audio Equipment
Focusrite Scarlett - Audio interfaces,ğŸ–¥ï¸ Hardware & Equipment Tools,Audio Equipment
Zoom H1n - Portable recorder,ğŸ–¥ï¸ Hardware & Equipment Tools,Audio Equipment
Rode PodMic - Podcasting microphone,ğŸ–¥ï¸ Hardware & Equipment Tools,Audio Equipment
Beyerdynamic DT 770 - Studio headphones,ğŸ–¥ï¸ Hardware & Equipment Tools,Audio Equipment
,,
Video Equipment,,
Logitech C920 - Webcam standard,ğŸ–¥ï¸ Hardware & Equipment Tools,Video Equipment
Sony a7S III - Video camera,ğŸ–¥ï¸ Hardware & Equipment Tools,Video Equipment
Canon EOS R5 - Hybrid camera,ğŸ–¥ï¸ Hardware & Equipment Tools,Video Equipment
Elgato Stream Deck - Content creation controller,ğŸ–¥ï¸ Hardware & Equipment Tools,Video Equipment
Elgato Key Light - LED lighting,ğŸ–¥ï¸ Hardware & Equipment Tools,Video Equipment
Neewer LED Panels - Budget lighting,ğŸ–¥ï¸ Hardware & Equipment Tools,Video Equipment
Rode Wireless GO - Wireless microphone system,ğŸ–¥ï¸ Hardware & Equipment Tools,Video Equipment
"OBS-compatible devices - Capture cards, etc.",ğŸ–¥ï¸ Hardware & Equipment Tools,Video Equipment
,,
Office Equipment,,
"Standing Desks - Varidesk, Uplift, etc.",ğŸ–¥ï¸ Hardware & Equipment Tools,Office Equipment
"Ergonomic Chairs - Herman Miller, Steelcase, etc.",ğŸ–¥ï¸ Hardware & Equipment Tools,Office Equipment
"Monitors - LG UltraWide, Dell UltraSharp, etc.",ğŸ–¥ï¸ Hardware & Equipment Tools,Office Equipment
"Keyboard & Mouse - Mechanical keyboards, ergonomic mice",ğŸ–¥ï¸ Hardware & Equipment Tools,Office Equipment
"Webcams - Logitech, Razer, etc.",ğŸ–¥ï¸ Hardware & Equipment Tools,Office Equipment
"Printers - Brother, HP, Canon",ğŸ–¥ï¸ Hardware & Equipment Tools,Office Equipment
"Scanners - Fujitsu ScanSnap, etc.",ğŸ–¥ï¸ Hardware & Equipment Tools,Office Equipment
"Networking Equipment - Ubiquiti, Netgear, etc.",ğŸ–¥ï¸ Hardware & Equipment Tools,Office Equipment
,,
âš–ï¸ Legal & Compliance Tools,,
Legal Document Management,,
LegalZoom - DIY legal services,âš–ï¸ Legal & Compliance Tools,Legal Document Management
Rocket Lawyer - Legal document creation,âš–ï¸ Legal & Compliance Tools,Legal Document Management
LawDepot - Legal forms and documents,âš–ï¸ Legal & Compliance Tools,Legal Document Management
Nolo - Legal information and forms,âš–ï¸ Legal & Compliance Tools,Legal Document Management
"Contract Tools - PandaDoc, DocuSign, etc.",âš–ï¸ Legal & Compliance Tools,Legal Document Management
IP Management - Trademark and patent tools,âš–ï¸ Legal & Compliance Tools,Legal Document Management
Corporate Filings - State filing services,âš–ï¸ Legal & Compliance Tools,Legal Document Management
"Legal Research - Westlaw, LexisNexis",âš–ï¸ Legal & Compliance Tools,Legal Document Management
,,
Privacy & Compliance,,
OneTrust - Privacy management platform,âš–ï¸ Legal & Compliance Tools,Privacy & Compliance
TrustArc - Privacy compliance,âš–ï¸ Legal & Compliance Tools,Privacy & Compliance
Cookiebot - Cookie consent management,âš–ï¸ Legal & Compliance Tools,Privacy & Compliance
Osano - Data privacy platform,âš–ï¸ Legal & Compliance Tools,Privacy & Compliance
Usercentrics - Consent management,âš–ï¸ Legal & Compliance Tools,Privacy & Compliance
GDPR compliance tools - Various specialized tools,âš–ï¸ Legal & Compliance Tools,Privacy & Compliance
"SOC 2 compliance - Vanta, SecureFrame, etc.",âš–ï¸ Legal & Compliance Tools,Privacy & Compliance
HIPAA compliance - Healthcare-specific tools,âš–ï¸ Legal & Compliance Tools,Privacy & Compliance
,,
Business Registration & Licensing,,
Incfile - Business formation,âš–ï¸ Legal & Compliance Tools,Business Registration & Licensing
ZenBusiness - LLC formation,âš–ï¸ Legal & Compliance Tools,Business Registration & Licensing
Northwest Registered Agent - Registered agent services,âš–ï¸ Legal & Compliance Tools,Business Registration & Licensing
MyCorporation - Business formation services,âš–ï¸ Legal & Compliance Tools,Business Registration & Licensing
State government portals - Direct filing options,âš–ï¸ Legal & Compliance Tools,Business Registration & Licensing
EIN application - IRS business tax ID,âš–ï¸ Legal & Compliance Tools,Business Registration & Licensing
Business licenses - Local and state licensing,âš–ï¸ Legal & Compliance Tools,Business Registration & Licensing
Professional licenses - Industry-specific licensing,âš–ï¸ Legal & Compliance Tools,Business Registration & Licensing
,,
ğŸ‘¥ HR & Recruiting Tools,,
Applicant Tracking Systems,,
Greenhouse - Hiring platform,ğŸ‘¥ HR & Recruiting Tools,Applicant Tracking Systems
Lever - Talent acquisition suite,ğŸ‘¥ HR & Recruiting Tools,Applicant Tracking Systems
BambooHR - HR software platform,ğŸ‘¥ HR & Recruiting Tools,Applicant Tracking Systems
Workday - Enterprise HR platform,ğŸ‘¥ HR & Recruiting Tools,Applicant Tracking Systems
ADP - Payroll and HR services,ğŸ‘¥ HR & Recruiting Tools,Applicant Tracking Systems
Gusto - Small business HR platform,ğŸ‘¥ HR & Recruiting Tools,Applicant Tracking Systems
Namely - Mid-market HR platform,ğŸ‘¥ HR & Recruiting Tools,Applicant Tracking Systems
UltiPro - HR management system,ğŸ‘¥ HR & Recruiting Tools,Applicant Tracking Systems
,,
Job Posting & Sourcing,,
LinkedIn Recruiter - Professional network recruiting,ğŸ‘¥ HR & Recruiting Tools,Job Posting & Sourcing
Indeed - Job posting platform,ğŸ‘¥ HR & Recruiting Tools,Job Posting & Sourcing
Glassdoor - Company reviews and jobs,ğŸ‘¥ HR & Recruiting Tools,Job Posting & Sourcing
ZipRecruiter - Job distribution service,ğŸ‘¥ HR & Recruiting Tools,Job Posting & Sourcing
Monster - Job search website,ğŸ‘¥ HR & Recruiting Tools,Job Posting & Sourcing
CareerBuilder - Talent acquisition platform,ğŸ‘¥ HR & Recruiting Tools,Job Posting & Sourcing
AngelList - Startup job platform,ğŸ‘¥ HR & Recruiting Tools,Job Posting & Sourcing
Stack Overflow Jobs - Developer-focused jobs,ğŸ‘¥ HR & Recruiting Tools,Job Posting & Sourcing
,,
Background Checks & Verification,,
Checkr - Background check platform,ğŸ‘¥ HR & Recruiting Tools,Background Checks & Verification
HireRight - Employment screening,ğŸ‘¥ HR & Recruiting Tools,Background Checks & Verification
Sterling - Background verification,ğŸ‘¥ HR & Recruiting Tools,Background Checks & Verification
GoodHire - Online background checks,ğŸ‘¥ HR & Recruiting Tools,Background Checks & Verification
Accurate Background - Screening services,ğŸ‘¥ HR & Recruiting Tools,Background Checks & Verification
First Advantage - Background screening,ğŸ‘¥ HR & Recruiting Tools,Background Checks & Verification
Employment verification - Various services,ğŸ‘¥ HR & Recruiting Tools,Background Checks & Verification
Reference checking - Automated reference tools,ğŸ‘¥ HR & Recruiting Tools,Background Checks & Verification
,,
Employee Engagement & Performance,,
15Five - Performance management,ğŸ‘¥ HR & Recruiting Tools,Employee Engagement & Performance
Lattice - People management platform,ğŸ‘¥ HR & Recruiting Tools,Employee Engagement & Performance
Culture Amp - Employee feedback platform,ğŸ‘¥ HR & Recruiting Tools,Employee Engagement & Performance
Officevibe - Employee engagement,ğŸ‘¥ HR & Recruiting Tools,Employee Engagement & Performance
TINYpulse - Employee feedback tool,ğŸ‘¥ HR & Recruiting Tools,Employee Engagement & Performance
Glint - Employee engagement analytics,ğŸ‘¥ HR & Recruiting Tools,Employee Engagement & Performance
Performance reviews - Various review platforms,ğŸ‘¥ HR & Recruiting Tools,Employee Engagement & Performance
360-degree feedback - Multi-rater feedback tools,ğŸ‘¥ HR & Recruiting Tools,Employee Engagement & Performance
,,
ğŸ§ Customer Support Tools,,
Help Desk Platforms,,
Zendesk - Customer service platform,ğŸ§ Customer Support Tools,Help Desk Platforms
Freshdesk - Customer support software,ğŸ§ Customer Support Tools,Help Desk Platforms
Intercom - Customer messaging platform,ğŸ§ Customer Support Tools,Help Desk Platforms
Help Scout - Help desk for small businesses,ğŸ§ Customer Support Tools,Help Desk Platforms
ServiceNow - Enterprise service management,ğŸ§ Customer Support Tools,Help Desk Platforms
Jira Service Management - IT service desk,ğŸ§ Customer Support Tools,Help Desk Platforms
Kayako - Customer service platform,ğŸ§ Customer Support Tools,Help Desk Platforms
Zoho Desk - Help desk software,ğŸ§ Customer Support Tools,Help Desk Platforms
,,
Live Chat & Messaging,,
Intercom - Customer messaging,ğŸ§ Customer Support Tools,Live Chat & Messaging
Drift - Conversational marketing,ğŸ§ Customer Support Tools,Live Chat & Messaging
LiveChat - Live chat software,ğŸ§ Customer Support Tools,Live Chat & Messaging
Olark - Live chat for websites,ğŸ§ Customer Support Tools,Live Chat & Messaging
Crisp - Multichannel messaging,ğŸ§ Customer Support Tools,Live Chat & Messaging
Tawk.to - Free live chat,ğŸ§ Customer Support Tools,Live Chat & Messaging
ChatBot - AI chatbot platform,ğŸ§ Customer Support Tools,Live Chat & Messaging
ManyChat - Facebook Messenger marketing,ğŸ§ Customer Support Tools,Live Chat & Messaging
,,
Knowledge Base & Documentation,,
Confluence - Team documentation,ğŸ§ Customer Support Tools,Knowledge Base & Documentation
Notion - All-in-one workspace,ğŸ§ Customer Support Tools,Knowledge Base & Documentation
GitBook - Documentation platform,ğŸ§ Customer Support Tools,Knowledge Base & Documentation
Slab - Team knowledge base,ğŸ§ Customer Support Tools,Knowledge Base & Documentation
Guru - Knowledge management,ğŸ§ Customer Support Tools,Knowledge Base & Documentation
Document360 - Knowledge base software,ğŸ§ Customer Support Tools,Knowledge Base & Documentation
Helpjuice - Knowledge base platform,ğŸ§ Customer Support Tools,Knowledge Base & Documentation
Zendesk Guide - Self-service support,ğŸ§ Customer Support Tools,Knowledge Base & Documentation
,,
Voice & Phone Support,,
RingCentral - Cloud communications,ğŸ§ Customer Support Tools,Voice & Phone Support
8x8 - VoIP phone system,ğŸ§ Customer Support Tools,Voice & Phone Support
Vonage - Business communications,ğŸ§ Customer Support Tools,Voice & Phone Support
Grasshopper - Virtual phone system,ğŸ§ Customer Support Tools,Voice & Phone Support
Nextiva - Business phone service,ğŸ§ Customer Support Tools,Voice & Phone Support
Aircall - Cloud-based phone system,ğŸ§ Customer Support Tools,Voice & Phone Support
Five9 - Cloud contact center,ğŸ§ Customer Support Tools,Voice & Phone Support
Genesys - Customer experience platform,ğŸ§ Customer Support Tools,Voice & Phone Support
,,
ğŸ“Š Research & Survey Tools,,
Survey Platforms,,
SurveyMonkey - Online survey tool,ğŸ“Š Research & Survey Tools,Survey Platforms
Typeform - Interactive forms and surveys,ğŸ“Š Research & Survey Tools,Survey Platforms
Google Forms - Free form builder,ğŸ“Š Research & Survey Tools,Survey Platforms
Qualtrics - Experience management platform,ğŸ“Š Research & Survey Tools,Survey Platforms
SurveyGizmo - Advanced survey platform,ğŸ“Š Research & Survey Tools,Survey Platforms
Formstack - Online form builder,ğŸ“Š Research & Survey Tools,Survey Platforms
JotForm - Form building platform,ğŸ“Š Research & Survey Tools,Survey Platforms
Microsoft Forms - Simple survey tool,ğŸ“Š Research & Survey Tools,Survey Platforms
,,
Market Research Tools,,
Statista - Market data and statistics,ğŸ“Š Research & Survey Tools,Market Research Tools
IBISWorld - Industry research reports,ğŸ“Š Research & Survey Tools,Market Research Tools
Nielsen - Consumer insights and analytics,ğŸ“Š Research & Survey Tools,Market Research Tools
Euromonitor - Market research provider,ğŸ“Š Research & Survey Tools,Market Research Tools
Mintel - Market intelligence,ğŸ“Š Research & Survey Tools,Market Research Tools
GWI - Consumer insights platform,ğŸ“Š Research & Survey Tools,Market Research Tools
YouGov - Public opinion research,ğŸ“Š Research & Survey Tools,Market Research Tools
Pew Research - Fact-based research,ğŸ“Š Research & Survey Tools,Market Research Tools
,,
User Research & Testing,,
UserTesting - User experience research,ğŸ“Š Research & Survey Tools,User Research & Testing
Lookback - Live user research,ğŸ“Š Research & Survey Tools,User Research & Testing
Hotjar - User behavior analytics,ğŸ“Š Research & Survey Tools,User Research & Testing
FullStory - Digital experience analytics,ğŸ“Š Research & Survey Tools,User Research & Testing
Crazy Egg - Website heatmaps,ğŸ“Š Research & Survey Tools,User Research & Testing
Optimal Workshop - User research platform,ğŸ“Š Research & Survey Tools,User Research & Testing
Maze - User testing platform,ğŸ“Š Research & Survey Tools,User Research & Testing
UsabilityHub - Remote user research,ğŸ“Š Research & Survey Tools,User Research & Testing
,,
Academic Research Tools,,
JSTOR - Academic journal database,ğŸ“Š Research & Survey Tools,Academic Research Tools
Google Scholar - Academic search engine,ğŸ“Š Research & Survey Tools,Academic Research Tools
ResearchGate - Scientific social network,ğŸ“Š Research & Survey Tools,Academic Research Tools
Mendeley - Reference management,ğŸ“Š Research & Survey Tools,Academic Research Tools
Zotero - Research assistant,ğŸ“Š Research & Survey Tools,Academic Research Tools
EndNote - Reference management,ğŸ“Š Research & Survey Tools,Academic Research Tools
SAGE Research Methods - Research methodology,ğŸ“Š Research & Survey Tools,Academic Research Tools
Scopus - Abstract and citation database,ğŸ“Š Research & Survey Tools,Academic Research Tools
,,
ğŸª Event Management Tools,,
Event Planning Platforms,,
Eventbrite - Event ticketing and promotion,ğŸª Event Management Tools,Event Planning Platforms
Meetup - Community event platform,ğŸª Event Management Tools,Event Planning Platforms
Facebook Events - Social media events,ğŸª Event Management Tools,Event Planning Platforms
Hopin - Virtual and hybrid events,ğŸª Event Management Tools,Event Planning Platforms
Whova - Event management app,ğŸª Event Management Tools,Event Planning Platforms
Cvent - Enterprise event management,ğŸª Event Management Tools,Event Planning Platforms
Bizzabo - Event success platform,ğŸª Event Management Tools,Event Planning Platforms
Splash - Event marketing platform,ğŸª Event Management Tools,Event Planning Platforms
,,
Virtual Event Platforms,,
Zoom - Video conferencing,ğŸª Event Management Tools,Virtual Event Platforms
Microsoft Teams - Collaboration platform,ğŸª Event Management Tools,Virtual Event Platforms
WebEx - Video conferencing,ğŸª Event Management Tools,Virtual Event Platforms
GoToWebinar - Webinar platform,ğŸª Event Management Tools,Virtual Event Platforms
ON24 - Digital experience platform,ğŸª Event Management Tools,Virtual Event Platforms
BigMarker - Virtual event platform,ğŸª Event Management Tools,Virtual Event Platforms
Crowdcast - Live video platform,ğŸª Event Management Tools,Virtual Event Platforms
StreamYard - Live streaming platform,ğŸª Event Management Tools,Virtual Event Platforms
,,
Registration & Ticketing,,
Eventbrite - Online ticketing,ğŸª Event Management Tools,Registration & Ticketing
Brown Paper Tickets - Event ticketing,ğŸª Event Management Tools,Registration & Ticketing
TicketTailor - Event ticketing platform,ğŸª Event Management Tools,Registration & Ticketing
Ticket Tailor - White-label ticketing,ğŸª Event Management Tools,Registration & Ticketing
Universe - Event ticketing by Ticketmaster,ğŸª Event Management Tools,Registration & Ticketing
Picatic - Event ticketing platform,ğŸª Event Management Tools,Registration & Ticketing
Regpack - Registration management,ğŸª Event Management Tools,Registration & Ticketing
Aventri - Event management software,ğŸª Event Management Tools,Registration & Ticketing
,,
Event Marketing Tools,,
Mailchimp - Email marketing for events,ğŸª Event Management Tools,Event Marketing Tools
Constant Contact - Email marketing,ğŸª Event Management Tools,Event Marketing Tools
Buffer - Social media scheduling,ğŸª Event Management Tools,Event Marketing Tools
Canva - Event design materials,ğŸª Event Management Tools,Event Marketing Tools
Splashthat - Event website builder,ğŸª Event Management Tools,Event Marketing Tools
Luma - Event discovery platform,ğŸª Event Management Tools,Event Marketing Tools
Peatix - Event ticketing and promotion,ğŸª Event Management Tools,Event Marketing Tools
DoubleDutch - Event engagement platform,ğŸª Event Management Tools,Event Marketing Tools
,,
ğŸ’¾ Backup & Disaster Recovery,,
Personal Backup Solutions,,
Backblaze - Personal cloud backup,ğŸ’¾ Backup & Disaster Recovery,Personal Backup Solutions
Carbonite - Automatic backup service,ğŸ’¾ Backup & Disaster Recovery,Personal Backup Solutions
CrashPlan - Business backup service,ğŸ’¾ Backup & Disaster Recovery,Personal Backup Solutions
SpiderOak - Privacy-focused backup,ğŸ’¾ Backup & Disaster Recovery,Personal Backup Solutions
pCloud - Cloud storage with backup,ğŸ’¾ Backup & Disaster Recovery,Personal Backup Solutions
IDrive - Cloud backup service,ğŸ’¾ Backup & Disaster Recovery,Personal Backup Solutions
Acronis True Image - Disk imaging backup,ğŸ’¾ Backup & Disaster Recovery,Personal Backup Solutions
Time Machine - Mac built-in backup,ğŸ’¾ Backup & Disaster Recovery,Personal Backup Solutions
,,
Business Backup Solutions,,
Veeam - Enterprise backup platform,ğŸ’¾ Backup & Disaster Recovery,Business Backup Solutions
Commvault - Data management platform,ğŸ’¾ Backup & Disaster Recovery,Business Backup Solutions
Rubrik - Cloud data management,ğŸ’¾ Backup & Disaster Recovery,Business Backup Solutions
Cohesity - Data management platform,ğŸ’¾ Backup & Disaster Recovery,Business Backup Solutions
Druva - Cloud data protection,ğŸ’¾ Backup & Disaster Recovery,Business Backup Solutions
AWS Backup - Centralized backup service,ğŸ’¾ Backup & Disaster Recovery,Business Backup Solutions
Azure Backup - Microsoft cloud backup,ğŸ’¾ Backup & Disaster Recovery,Business Backup Solutions
Google Cloud Backup - Google's backup service,ğŸ’¾ Backup & Disaster Recovery,Business Backup Solutions
,,
Disaster Recovery Platforms,,
Zerto - IT resilience platform,ğŸ’¾ Backup & Disaster Recovery,Disaster Recovery Platforms
VMware Site Recovery - Disaster recovery,ğŸ’¾ Backup & Disaster Recovery,Disaster Recovery Platforms
AWS Disaster Recovery - Cloud DR service,ğŸ’¾ Backup & Disaster Recovery,Disaster Recovery Platforms
Azure Site Recovery - Disaster recovery service,ğŸ’¾ Backup & Disaster Recovery,Disaster Recovery Platforms
Datto - Business continuity platform,ğŸ’¾ Backup & Disaster Recovery,Disaster Recovery Platforms
StorageCraft - Backup and recovery,ğŸ’¾ Backup & Disaster Recovery,Disaster Recovery Platforms
MSP360 - Cloud backup platform,ğŸ’¾ Backup & Disaster Recovery,Disaster Recovery Platforms
Unitrends - Enterprise backup and recovery,ğŸ’¾ Backup & Disaster Recovery,Disaster Recovery Platforms
,,
âœˆï¸ Travel & Expense Management,,
Travel Booking Platforms,,
Expedia for Business - Corporate travel,âœˆï¸ Travel & Expense Management,Travel Booking Platforms
Booking.com for Business - Business travel,âœˆï¸ Travel & Expense Management,Travel Booking Platforms
Concur Travel - SAP travel management,âœˆï¸ Travel & Expense Management,Travel Booking Platforms
Egencia - Expedia's business travel,âœˆï¸ Travel & Expense Management,Travel Booking Platforms
CWT - Corporate travel management,âœˆï¸ Travel & Expense Management,Travel Booking Platforms
American Express GBT - Global business travel,âœˆï¸ Travel & Expense Management,Travel Booking Platforms
BCD Travel - Corporate travel services,âœˆï¸ Travel & Expense Management,Travel Booking Platforms
Travelport - Travel technology platform,âœˆï¸ Travel & Expense Management,Travel Booking Platforms
,,
Expense Management,,
Expensify - Expense report automation,âœˆï¸ Travel & Expense Management,Expense Management
Concur Expense - SAP expense management,âœˆï¸ Travel & Expense Management,Expense Management
Rydoo - European expense management,âœˆï¸ Travel & Expense Management,Expense Management
Zoho Expense - Simple expense tracking,âœˆï¸ Travel & Expense Management,Expense Management
Receipt Bank - Receipt management,âœˆï¸ Travel & Expense Management,Expense Management
Shoeboxed - Receipt organization,âœˆï¸ Travel & Expense Management,Expense Management
Chrome River - Expense management,âœˆï¸ Travel & Expense Management,Expense Management
Certify - Expense and invoice management,âœˆï¸ Travel & Expense Management,Expense Management
,,
Corporate Card Management,,
American Express Business - Corporate credit cards,âœˆï¸ Travel & Expense Management,Corporate Card Management
Chase Business Cards - Business credit solutions,âœˆï¸ Travel & Expense Management,Corporate Card Management
Capital One Spark - Business credit cards,âœˆï¸ Travel & Expense Management,Corporate Card Management
Divvy - Expense management platform,âœˆï¸ Travel & Expense Management,Corporate Card Management
Brex - Startup-focused corporate cards,âœˆï¸ Travel & Expense Management,Corporate Card Management
Ramp - Corporate card and expense management,âœˆï¸ Travel & Expense Management,Corporate Card Management
Airbase - Spend management platform,âœˆï¸ Travel & Expense Management,Corporate Card Management
Pleo - European business spending,âœˆï¸ Travel & Expense Management,Corporate Card Management
,,
ğŸ”¬ Scientific & Research Tools,,
Laboratory Information Management,,
LabWare LIMS - Laboratory information system,ğŸ”¬ Scientific & Research Tools,Laboratory Information Management
Thermo Fisher LIMS - Scientific data management,ğŸ”¬ Scientific & Research Tools,Laboratory Information Management
Waters NuGenesis - Laboratory data management,ğŸ”¬ Scientific & Research Tools,Laboratory Information Management
STARLIMS - Laboratory information management,ğŸ”¬ Scientific & Research Tools,Laboratory Information Management
LabVantage - LIMS platform,ğŸ”¬ Scientific & Research Tools,Laboratory Information Management
CloudLAB - Cloud-based lab notebook,ğŸ”¬ Scientific & Research Tools,Laboratory Information Management
Benchling - Life sciences R&D platform,ğŸ”¬ Scientific & Research Tools,Laboratory Information Management
PerkinElmer Signals - Research platform,ğŸ”¬ Scientific & Research Tools,Laboratory Information Management
,,
Statistical Analysis Software,,
R - Statistical computing language,ğŸ”¬ Scientific & Research Tools,Statistical Analysis Software
SAS - Statistical analysis system,ğŸ”¬ Scientific & Research Tools,Statistical Analysis Software
SPSS - Statistical software package,ğŸ”¬ Scientific & Research Tools,Statistical Analysis Software
Stata - Statistical software,ğŸ”¬ Scientific & Research Tools,Statistical Analysis Software
MATLAB - Technical computing platform,ğŸ”¬ Scientific & Research Tools,Statistical Analysis Software
Mathematica - Computational software,ğŸ”¬ Scientific & Research Tools,Statistical Analysis Software
JMP - Statistical analysis software,ğŸ”¬ Scientific & Research Tools,Statistical Analysis Software
GraphPad Prism - Biostatistics software,ğŸ”¬ Scientific & Research Tools,Statistical Analysis Software
,,
Reference Management,,
Zotero - Free reference manager,ğŸ”¬ Scientific & Research Tools,Reference Management
Mendeley - Academic reference manager,ğŸ”¬ Scientific & Research Tools,Reference Management
EndNote - Reference management software,ğŸ”¬ Scientific & Research Tools,Reference Management
RefWorks - Web-based reference manager,ğŸ”¬ Scientific & Research Tools,Reference Management
Papers - Academic reference manager,ğŸ”¬ Scientific & Research Tools,Reference Management
Citavi - Knowledge organization tool,ğŸ”¬ Scientific & Research Tools,Reference Management
ReadCube - Enhanced PDF reader,ğŸ”¬ Scientific & Research Tools,Reference Management
Bookends - Mac reference manager,ğŸ”¬ Scientific & Research Tools,Reference Management
,,
Research Collaboration,,
ResearchGate - Scientific social network,ğŸ”¬ Scientific & Research Tools,Research Collaboration
Academia.edu - Academic social platform,ğŸ”¬ Scientific & Research Tools,Research Collaboration
ORCID - Researcher identifier system,ğŸ”¬ Scientific & Research Tools,Research Collaboration
Figshare - Research data repository,ğŸ”¬ Scientific & Research Tools,Research Collaboration
Zenodo - Research data repository,ğŸ”¬ Scientific & Research Tools,Research Collaboration
Open Science Framework - Research collaboration,ğŸ”¬ Scientific & Research Tools,Research Collaboration
Overleaf - Collaborative LaTeX editor,ğŸ”¬ Scientific & Research Tools,Research Collaboration
Authorea - Collaborative writing platform,ğŸ”¬ Scientific & Research Tools,Research Collaboration
,,
ğŸŒ Translation & Localization Tools,,
Translation Platforms,,
Google Translate - Free online translation,ğŸŒ Translation & Localization Tools,Translation Platforms
DeepL - AI-powered translation,ğŸŒ Translation & Localization Tools,Translation Platforms
Microsoft Translator - Translation service,ğŸŒ Translation & Localization Tools,Translation Platforms
Amazon Translate - Machine translation service,ğŸŒ Translation & Localization Tools,Translation Platforms
SDL Trados - Professional translation software,ğŸŒ Translation & Localization Tools,Translation Platforms
memoQ - Translation management system,ğŸŒ Translation & Localization Tools,Translation Platforms
Phrase - Localization platform,ğŸŒ Translation & Localization Tools,Translation Platforms
Lokalise - Translation management platform,ğŸŒ Translation & Localization Tools,Translation Platforms
,,
Localization Management,,
Crowdin - Localization management platform,ğŸŒ Translation & Localization Tools,Localization Management
Transifex - Localization platform,ğŸŒ Translation & Localization Tools,Localization Management
Smartling - Translation management system,ğŸŒ Translation & Localization Tools,Localization Management
Lingohub - Translation management,ğŸŒ Translation & Localization Tools,Localization Management
OneSky - Localization service,ğŸŒ Translation & Localization Tools,Localization Management
Weblate - Web-based translation,ğŸŒ Translation & Localization Tools,Localization Management
Zanata - Translation platform,ğŸŒ Translation & Localization Tools,Localization Management
Translation Workspace - Enterprise localization,ğŸŒ Translation & Localization Tools,Localization Management
,,
Language Learning Platforms,,
Duolingo - Gamified language learning,ğŸŒ Translation & Localization Tools,Language Learning Platforms
Babbel - Conversation-focused learning,ğŸŒ Translation & Localization Tools,Language Learning Platforms
Rosetta Stone - Immersion method learning,ğŸŒ Translation & Localization Tools,Language Learning Platforms
Busuu - Social language learning,ğŸŒ Translation & Localization Tools,Language Learning Platforms
HelloTalk - Language exchange platform,ğŸŒ Translation & Localization Tools,Language Learning Platforms
italki - 1-on-1 language tutoring,ğŸŒ Translation & Localization Tools,Language Learning Platforms
Preply - Online language tutoring,ğŸŒ Translation & Localization Tools,Language Learning Platforms
Lingoda - Online language school,ğŸŒ Translation & Localization Tools,Language Learning Platforms
,,
Cultural Adaptation Tools,,
Hofstede Insights - Cultural analysis,ğŸŒ Translation & Localization Tools,Cultural Adaptation Tools
Country Navigator - Cultural intelligence,ğŸŒ Translation & Localization Tools,Cultural Adaptation Tools
GlobeSmart - Cultural intelligence platform,ğŸŒ Translation & Localization Tools,Cultural Adaptation Tools
Cultural Detective - Intercultural analysis,ğŸŒ Translation & Localization Tools,Cultural Adaptation Tools
Meyer Scale - Cultural dimensions,ğŸŒ Translation & Localization Tools,Cultural Adaptation Tools
Aperian Global - Cultural competency,ğŸŒ Translation & Localization Tools,Cultural Adaptation Tools
CultureGrams - Country culture guides,ğŸŒ Translation & Localization Tools,Cultural Adaptation Tools
Executive Planet - Business culture guides,ğŸŒ Translation & Localization Tools,Cultural Adaptation Tools
,,
â™¿ Accessibility & Inclusion Tools,,
Web Accessibility Testing,,
axe DevTools - Accessibility testing,â™¿ Accessibility & Inclusion Tools,Web Accessibility Testing
WAVE - Web accessibility evaluation,â™¿ Accessibility & Inclusion Tools,Web Accessibility Testing
Lighthouse - Google's accessibility audit,â™¿ Accessibility & Inclusion Tools,Web Accessibility Testing
Pa11y - Command-line accessibility testing,â™¿ Accessibility & Inclusion Tools,Web Accessibility Testing
Accessibility Insights - Microsoft accessibility tools,â™¿ Accessibility & Inclusion Tools,Web Accessibility Testing
Stark - Design accessibility plugin,â™¿ Accessibility & Inclusion Tools,Web Accessibility Testing
Colour Contrast Analyser - Color testing tool,â™¿ Accessibility & Inclusion Tools,Web Accessibility Testing
"Screen readers - NVDA, JAWS, VoiceOver",â™¿ Accessibility & Inclusion Tools,Web Accessibility Testing
,,
Design Accessibility Tools,,
Stark - Design accessibility plugin,â™¿ Accessibility & Inclusion Tools,Design Accessibility Tools
Colour Oracle - Color blindness simulator,â™¿ Accessibility & Inclusion Tools,Design Accessibility Tools
WebAIM Color Contrast Checker - Contrast testing,â™¿ Accessibility & Inclusion Tools,Design Accessibility Tools
Sim Daltonism - Color blindness simulator,â™¿ Accessibility & Inclusion Tools,Design Accessibility Tools
Figma accessibility plugins - Various design tools,â™¿ Accessibility & Inclusion Tools,Design Accessibility Tools
Adobe accessibility tools - Built-in accessibility features,â™¿ Accessibility & Inclusion Tools,Design Accessibility Tools
Sketch accessibility plugins - Design accessibility tools,â™¿ Accessibility & Inclusion Tools,Design Accessibility Tools
InVision accessibility features - Prototyping accessibility,â™¿ Accessibility & Inclusion Tools,Design Accessibility Tools
,,
Communication & Language Tools,,
Be My Eyes - Visual assistance app,â™¿ Accessibility & Inclusion Tools,Communication & Language Tools
Seeing AI - Microsoft's visual recognition,â™¿ Accessibility & Inclusion Tools,Communication & Language Tools
Lookout - Google's visual assistance,â™¿ Accessibility & Inclusion Tools,Communication & Language Tools
Dragon Speech Recognition - Voice-to-text software,â™¿ Accessibility & Inclusion Tools,Communication & Language Tools
Windows Speech Recognition - Built-in voice control,â™¿ Accessibility & Inclusion Tools,Communication & Language Tools
Voice Control - Apple's voice navigation,â™¿ Accessibility & Inclusion Tools,Communication & Language Tools
Switch Access - Android accessibility,â™¿ Accessibility & Inclusion Tools,Communication & Language Tools
AssistiveTouch - iOS accessibility feature,â™¿ Accessibility & Inclusion Tools,Communication & Language Tools
,,
Workplace Inclusion Platforms,,
Texthelp - Reading and writing support,â™¿ Accessibility & Inclusion Tools,Workplace Inclusion Platforms
Read&Write - Literacy support software,â™¿ Accessibility & Inclusion Tools,Workplace Inclusion Platforms
Immersive Reader - Microsoft reading tool,â™¿ Accessibility & Inclusion Tools,Workplace Inclusion Platforms
ClaroRead - Text-to-speech software,â™¿ Accessibility & Inclusion Tools,Workplace Inclusion Platforms
WordQ - Writing support software,â™¿ Accessibility & Inclusion Tools,Workplace Inclusion Platforms
Co:Writer - Word prediction software,â™¿ Accessibility & Inclusion Tools,Workplace Inclusion Platforms
Ginger Software - Grammar and spell check,â™¿ Accessibility & Inclusion Tools,Workplace Inclusion Platforms
Grammarly - Writing assistance tool,â™¿ Accessibility & Inclusion Tools,Workplace Inclusion Platforms